-- phpMyAdmin SQL Dump
-- version 5.2.0
-- https://www.phpmyadmin.net/
--
-- Host: localhost:3306
-- Generation Time: Nov 03, 2025 at 02:04 PM
-- Server version: 5.7.39
-- PHP Version: 8.4.13

SET SQL_MODE = "NO_AUTO_VALUE_ON_ZERO";
START TRANSACTION;
SET time_zone = "+00:00";


/*!40101 SET @OLD_CHARACTER_SET_CLIENT=@@CHARACTER_SET_CLIENT */;
/*!40101 SET @OLD_CHARACTER_SET_RESULTS=@@CHARACTER_SET_RESULTS */;
/*!40101 SET @OLD_COLLATION_CONNECTION=@@COLLATION_CONNECTION */;
/*!40101 SET NAMES utf8mb4 */;

--
-- Database: `test2`
--

-- --------------------------------------------------------

--
-- Table structure for table `jawaban_responden`
--

CREATE TABLE `jawaban_responden` (
  `id` int(11) NOT NULL,
  `responden_id` int(11) DEFAULT NULL,
  `kuesioner_id` int(11) DEFAULT NULL,
  `opsi_jawaban_id` int(11) DEFAULT NULL,
  `jawaban_teks` text,
  `tanggal_jawab` datetime DEFAULT NULL,
  `status` tinyint(1) DEFAULT '1',
  `user_input` varchar(100) DEFAULT NULL,
  `tanggal_input` datetime DEFAULT NULL,
  `user_update` varchar(100) DEFAULT NULL,
  `tanggal_update` datetime DEFAULT NULL
) ENGINE=InnoDB DEFAULT CHARSET=utf8;

--
-- Dumping data for table `jawaban_responden`
--

INSERT INTO `jawaban_responden` (`id`, `responden_id`, `kuesioner_id`, `opsi_jawaban_id`, `jawaban_teks`, `tanggal_jawab`, `status`, `user_input`, `tanggal_input`, `user_update`, `tanggal_update`) VALUES
(1, 1, 1, NULL, 'jawaban a', '2025-10-15 14:41:26', 1, 'ahmad.riyadi', '2025-10-15 14:41:26', NULL, NULL),
(2, 1, 3, NULL, 'jawaban a', '2025-10-15 14:41:26', 1, 'ahmad.riyadi', '2025-10-15 14:41:26', NULL, NULL),
(3, 1, 2, NULL, 'jawabanb, jawabanc', '2025-10-15 14:41:26', 1, 'ahmad.riyadi', '2025-10-15 14:41:26', NULL, NULL),
(4, 2, 1, NULL, 'jawaban c', '2025-10-15 14:56:31', 1, 'ahmad.riyadi', '2025-10-15 14:56:31', NULL, NULL),
(5, 2, 3, NULL, 'jawaban a', '2025-10-15 14:56:31', 1, 'ahmad.riyadi', '2025-10-15 14:56:31', NULL, NULL),
(6, 2, 2, NULL, 'jawaban a, jawabanb, jawabanc', '2025-10-15 14:56:31', 1, 'ahmad.riyadi', '2025-10-15 14:56:31', NULL, NULL),
(7, 5, 24, NULL, '1 - 3 jam', '2025-10-17 13:50:24', 1, 'ahmad.riyadi', '2025-10-17 13:50:24', NULL, NULL),
(8, 5, 26, NULL, 'Hiburan', '2025-10-17 13:50:24', 1, 'ahmad.riyadi', '2025-10-17 13:50:24', NULL, NULL),
(9, 5, 27, NULL, 'Ya', '2025-10-17 13:50:24', 1, 'ahmad.riyadi', '2025-10-17 13:50:24', NULL, NULL),
(10, 5, 28, NULL, 'terus terusan', '2025-10-17 13:50:24', 1, 'ahmad.riyadi', '2025-10-17 13:50:24', NULL, NULL),
(11, 5, 29, NULL, 'Kadang - kadang', '2025-10-17 13:50:24', 1, 'ahmad.riyadi', '2025-10-17 13:50:24', NULL, NULL),
(12, 5, 30, NULL, 'Ya, sangat berpengaruh', '2025-10-17 13:50:24', 1, 'ahmad.riyadi', '2025-10-17 13:50:24', NULL, NULL),
(13, 5, 32, NULL, 'Ya', '2025-10-17 13:50:24', 1, 'ahmad.riyadi', '2025-10-17 13:50:24', NULL, NULL),
(14, 5, 33, NULL, 'Komentar negatif atau bullying', '2025-10-17 13:50:24', 1, 'ahmad.riyadi', '2025-10-17 13:50:24', NULL, NULL),
(15, 5, 34, NULL, 'Lebih senang dan termotivasi', '2025-10-17 13:50:24', 1, 'ahmad.riyadi', '2025-10-17 13:50:24', NULL, NULL),
(16, 5, 35, NULL, 'Lebih senang dan termotivasi', '2025-10-17 13:50:24', 1, 'ahmad.riyadi', '2025-10-17 13:50:24', NULL, NULL),
(17, 5, 36, NULL, 'Ya', '2025-10-17 13:50:24', 1, 'ahmad.riyadi', '2025-10-17 13:50:24', NULL, NULL),
(18, 5, 38, NULL, '< 1 jam', '2025-10-17 13:50:24', 1, 'ahmad.riyadi', '2025-10-17 13:50:24', NULL, NULL),
(19, 5, 39, NULL, 'Ya', '2025-10-17 13:50:24', 1, 'ahmad.riyadi', '2025-10-17 13:50:24', NULL, NULL),
(20, 5, 40, NULL, 'dapat informasi', '2025-10-17 13:50:24', 1, 'ahmad.riyadi', '2025-10-17 13:50:24', NULL, NULL),
(21, 5, 41, NULL, 'Ya', '2025-10-17 13:50:24', 1, 'ahmad.riyadi', '2025-10-17 13:50:24', NULL, NULL),
(22, 5, 42, NULL, 'pendidikan', '2025-10-17 13:50:24', 1, 'ahmad.riyadi', '2025-10-17 13:50:24', NULL, NULL),
(23, 5, 43, NULL, 'Setuju', '2025-10-17 13:50:24', 1, 'ahmad.riyadi', '2025-10-17 13:50:24', NULL, NULL),
(24, 5, 44, NULL, 'nyari konten yang bagus', '2025-10-17 13:50:24', 1, 'ahmad.riyadi', '2025-10-17 13:50:24', NULL, NULL),
(25, 5, 25, NULL, 'Instagram', '2025-10-17 13:50:24', 1, 'ahmad.riyadi', '2025-10-17 13:50:24', NULL, NULL),
(26, 5, 31, NULL, 'Hiburan (Video lucu, musik, dll.), Berita dan informasi, Edukasi dan tutorial', '2025-10-17 13:50:24', 1, 'ahmad.riyadi', '2025-10-17 13:50:24', NULL, NULL),
(27, 5, 37, NULL, 'Mengatur timer pada aplikasi, Menghapus waktu dengan aktivitas lain', '2025-10-17 13:50:24', 1, 'ahmad.riyadi', '2025-10-17 13:50:24', NULL, NULL),
(28, 5, 4, NULL, '1–2 kali seminggu', '2025-10-20 11:17:19', 1, 'ahmad.riyadi', '2025-10-20 11:17:19', NULL, NULL),
(29, 5, 7, NULL, 'Netral', '2025-10-20 11:17:19', 1, 'ahmad.riyadi', '2025-10-20 11:17:19', NULL, NULL),
(30, 5, 8, NULL, 'Jarang', '2025-10-20 11:17:19', 1, 'ahmad.riyadi', '2025-10-20 11:17:19', NULL, NULL),
(31, 5, 9, NULL, 'Netral', '2025-10-20 11:17:19', 1, 'ahmad.riyadi', '2025-10-20 11:17:19', NULL, NULL),
(32, 5, 10, NULL, 'tes', '2025-10-20 11:17:19', 1, 'ahmad.riyadi', '2025-10-20 11:17:19', NULL, NULL),
(33, 5, 11, NULL, 'Pasar tradisional', '2025-10-20 11:17:19', 1, 'ahmad.riyadi', '2025-10-20 11:17:19', NULL, NULL),
(34, 5, 12, NULL, 'Jarang', '2025-10-20 11:17:19', 1, 'ahmad.riyadi', '2025-10-20 11:17:19', NULL, NULL),
(35, 5, 13, NULL, 'Tidak terlalu berpengaruh', '2025-10-20 11:17:19', 1, 'ahmad.riyadi', '2025-10-20 11:17:19', NULL, NULL),
(36, 5, 15, NULL, 'tes', '2025-10-20 11:17:19', 1, 'ahmad.riyadi', '2025-10-20 11:17:19', NULL, NULL),
(37, 5, 16, NULL, 'Sama saja', '2025-10-20 11:17:19', 1, 'ahmad.riyadi', '2025-10-20 11:17:19', NULL, NULL),
(38, 5, 17, NULL, 'tes', '2025-10-20 11:17:19', 1, 'ahmad.riyadi', '2025-10-20 11:17:19', NULL, NULL),
(39, 5, 19, NULL, 'Cukup penting', '2025-10-20 11:17:19', 1, 'ahmad.riyadi', '2025-10-20 11:17:19', NULL, NULL),
(40, 5, 20, NULL, 'Tidak masalah selama praktis', '2025-10-20 11:17:19', 1, 'ahmad.riyadi', '2025-10-20 11:17:19', NULL, NULL),
(41, 5, 21, NULL, 'Netral', '2025-10-20 11:17:19', 1, 'ahmad.riyadi', '2025-10-20 11:17:19', NULL, NULL),
(42, 5, 22, NULL, 'Netral', '2025-10-20 11:17:19', 1, 'ahmad.riyadi', '2025-10-20 11:17:19', NULL, NULL),
(43, 5, 23, NULL, 'tes', '2025-10-20 11:17:19', 1, 'ahmad.riyadi', '2025-10-20 11:17:19', NULL, NULL),
(44, 5, 5, NULL, 'OVO, DANA, ShopeePay', '2025-10-20 11:17:19', 1, 'ahmad.riyadi', '2025-10-20 11:17:19', NULL, NULL),
(45, 5, 6, NULL, 'Transportasi (Gojek, Grab, dll), Pembayaran tagihan (listrik, pulsa, air)', '2025-10-20 11:17:19', 1, 'ahmad.riyadi', '2025-10-20 11:17:19', NULL, NULL),
(46, 5, 14, NULL, 'Scan QR cepat,  Pembayaran tagihan otomatis', '2025-10-20 11:17:19', 1, 'ahmad.riyadi', '2025-10-20 11:17:19', NULL, NULL),
(47, 5, 18, NULL, 'Saat penjual tidak menyediakan QRIS, Karena lebih nyaman dengan cash', '2025-10-20 11:17:19', 1, 'ahmad.riyadi', '2025-10-20 11:17:19', NULL, NULL);

-- --------------------------------------------------------

--
-- Table structure for table `kuesioner`
--

CREATE TABLE `kuesioner` (
  `id` int(11) NOT NULL,
  `survei_id` int(11) DEFAULT NULL,
  `pertanyaan` text NOT NULL,
  `tipe_jawaban` enum('pilihan','isian','skala','checkbox') NOT NULL,
  `kategori` varchar(100) DEFAULT NULL,
  `status` tinyint(1) DEFAULT '1',
  `user_input` varchar(100) DEFAULT NULL,
  `tanggal_input` datetime DEFAULT NULL,
  `user_update` varchar(100) DEFAULT NULL,
  `tanggal_update` datetime DEFAULT NULL
) ENGINE=InnoDB DEFAULT CHARSET=utf8;

--
-- Dumping data for table `kuesioner`
--

INSERT INTO `kuesioner` (`id`, `survei_id`, `pertanyaan`, `tipe_jawaban`, `kategori`, `status`, `user_input`, `tanggal_input`, `user_update`, `tanggal_update`) VALUES
(1, 2, 'Seberapa puas Anda secara keseluruhan dengan produk/layanan kami?', 'pilihan', '1', 1, 'ahmad.riyadi', '2025-10-13 17:44:47', 'ahmad.riyadi', '2025-10-13 17:44:47'),
(2, 2, 'Seberapa puas layanan kami?', 'checkbox', 'sulit', 1, 'ahmad.riyadi', '2025-10-14 11:25:39', NULL, NULL),
(3, 2, 'kepuasan pelanggan? ', 'pilihan', 'tes', 1, 'ahmad.riyadi', '2025-10-14 13:49:28', NULL, NULL),
(4, 4, 'Seberapa sering Anda menggunakan e-money/QRIS/dompet digital dalam seminggu terakhir?', 'pilihan', 'pilihan', 1, 'ahmad.riyadi', '2025-10-16 10:52:02', 'ahmad.riyadi', '2025-10-16 10:52:30'),
(5, 4, 'Platform pembayaran digital apa saja yang sering Anda gunakan?', 'checkbox', 'Checkbox', 1, 'ahmad.riyadi', '2025-10-16 10:55:15', NULL, NULL),
(6, 4, 'Untuk kebutuhan apa Anda paling sering menggunakan pembayaran digital?', 'checkbox', 'Checkbox', 1, 'ahmad.riyadi', '2025-10-16 10:58:18', NULL, NULL),
(7, 4, 'Menurut Anda, pembayaran digital lebih cepat dibanding uang tunai.', 'skala', 'skala', 1, 'ahmad.riyadi', '2025-10-16 11:02:59', 'ahmad.riyadi', '2025-10-20 14:25:03'),
(8, 4, 'Seberapa sering Anda mengalami kendala saat menggunakan QRIS atau dompet digital (error, sinyal lemah, saldo kurang, dsb)?', 'skala', 'skala', 1, 'ahmad.riyadi', '2025-10-16 11:04:16', 'ahmad.riyadi', '2025-10-20 14:25:16'),
(9, 4, 'Menurut Anda, pembayaran digital lebih aman dibanding pembayaran tunai.', 'skala', 'skala', 1, 'ahmad.riyadi', '2025-10-16 11:05:40', 'ahmad.riyadi', '2025-10-20 14:25:43'),
(10, 4, 'Apa risiko atau kendala utama yang paling Anda khawatirkan saat menggunakan pembayaran digital?', 'isian', 'isian', 1, 'ahmad.riyadi', '2025-10-16 11:06:12', NULL, NULL),
(11, 4, 'Menurut Anda, di tempat seperti apa pembayaran digital paling berguna?', 'pilihan', 'pilihan', 1, 'ahmad.riyadi', '2025-10-16 11:07:50', NULL, NULL),
(12, 4, 'Seberapa sering Anda memanfaatkan promo atau cashback dari dompet digital?', 'skala', 'skala', 1, 'ahmad.riyadi', '2025-10-16 11:08:46', 'ahmad.riyadi', '2025-10-20 14:25:32'),
(13, 4, 'Promo/cashback memengaruhi keputusan Anda dalam memilih metode pembayaran.', 'pilihan', 'pilihan', 1, 'ahmad.riyadi', '2025-10-16 11:09:45', NULL, NULL),
(14, 4, 'Fitur apa yang paling Anda sukai dari aplikasi pembayaran digital?', 'checkbox', 'Checkbox', 1, 'ahmad.riyadi', '2025-10-16 11:11:35', NULL, NULL),
(15, 4, 'Menurut Anda, apa kelemahan utama dari sistem pembayaran digital yang perlu diperbaiki?', 'isian', 'isian', 1, 'ahmad.riyadi', '2025-10-16 11:12:10', NULL, NULL),
(16, 4, 'Apakah Anda merasa lebih hemat atau lebih boros sejak menggunakan pembayaran digital?', 'pilihan', 'pilihan', 1, 'ahmad.riyadi', '2025-10-16 11:13:53', NULL, NULL),
(17, 4, 'Apa alasan yang membuat Anda merasa lebih hemat atau boros saat menggunakan pembayaran digital?', 'isian', '', 1, 'ahmad.riyadi', '2025-10-16 11:14:25', NULL, NULL),
(18, 4, 'Dalam situasi seperti apa Anda masih memilih membayar dengan uang tunai?', 'checkbox', 'pilihan', 1, 'ahmad.riyadi', '2025-10-16 11:15:57', NULL, NULL),
(19, 4, 'Menurut Anda, seberapa penting keamanan data pribadi dalam penggunaan pembayaran digital?\r\n', 'pilihan', 'pilihan', 1, 'ahmad.riyadi', '2025-10-16 11:18:27', NULL, NULL),
(20, 4, 'Bagaimana pendapat Anda tentang biaya tambahan (fee) pada beberapa layanan pembayaran digital?', 'pilihan', 'pilihan', 1, 'ahmad.riyadi', '2025-10-16 11:20:00', NULL, NULL),
(21, 4, 'Menurut Anda, pembayaran digital lebih higienis dibanding uang tunai (terutama setelah pandemi)?', 'pilihan', '', 1, 'ahmad.riyadi', '2025-10-16 11:30:22', NULL, NULL),
(22, 4, 'Menurut Anda, apakah di masa depan masyarakat akan lebih banyak menggunakan pembayaran digital daripada uang tunai?', 'pilihan', 'pilihan', 1, 'ahmad.riyadi', '2025-10-16 11:31:18', NULL, NULL),
(23, 4, 'Apa saran Anda untuk meningkatkan penggunaan pembayaran digital di masyarakat?', 'isian', '', 9, 'ahmad.riyadi', '2025-10-16 11:31:34', 'ahmad.riyadi', '2025-10-20 14:29:18'),
(24, 5, 'Seberapa sering Anda menggunakan media sosial setiap hari?', 'pilihan', 'pilihan', 1, 'ahmad.riyadi', '2025-10-16 12:07:37', NULL, NULL),
(25, 5, 'Platform media sosial apa yang paling sering Anda gunakan?', 'checkbox', 'Checkbox', 1, 'ahmad.riyadi', '2025-10-16 12:09:10', NULL, NULL),
(26, 5, 'Apa alasan utama Anda menggunakan media sosial?', 'pilihan', 'pilihan', 1, 'ahmad.riyadi', '2025-10-16 12:11:13', NULL, NULL),
(27, 5, 'Apakah Anda pernah merasa kecanduan menggunakan media sosial?', 'pilihan', 'pilihan', 1, 'ahmad.riyadi', '2025-10-16 12:12:16', NULL, NULL),
(28, 5, 'Jika ya, bagaimana tanda - tanda yang Anda rasakan?', 'isian', 'isian', 1, 'ahmad.riyadi', '2025-10-16 12:12:46', NULL, NULL),
(29, 5, 'Seberapa sering Anda mengecek media sosial saat bekerja atau belajar?', 'skala', 'skala rating', 1, 'ahmad.riyadi', '2025-10-16 12:14:14', 'ahmad.riyadi', '2025-10-20 14:23:25'),
(30, 5, 'Apakah media sosial memengaruhi fokus atau konsentrasi Anda?', 'pilihan', 'pilihan', 1, 'ahmad.riyadi', '2025-10-16 12:15:45', NULL, NULL),
(31, 5, 'Jenis konten apa yang paling sering Anda konsumsi di media sosial?', 'checkbox', 'Checkbox', 1, 'ahmad.riyadi', '2025-10-16 12:17:41', NULL, NULL),
(32, 5, 'Menurut Anda, apakah media sosial berkontribusi terhadap stres atau kecemasan?', 'pilihan', 'pilihan', 1, 'ahmad.riyadi', '2025-10-16 12:18:36', NULL, NULL),
(33, 5, 'Hal apa di media sosial yang paling sering membuat Anda merasa stres?', 'pilihan', 'pilihan', 1, 'ahmad.riyadi', '2025-10-16 12:21:07', NULL, NULL),
(34, 5, 'Bagaimana perasaan Anda setelah menghabiskan waktu lama di media sosial?', 'pilihan', 'pilihan', 9, 'ahmad.riyadi', '2025-10-16 12:22:37', 'ahmad.riyadi', '2025-10-20 09:31:39'),
(35, 5, 'Bagaimana perasaan Anda setelah menghabiskan waktu lama di media sosial?', 'pilihan', 'pilihan', 1, 'ahmad.riyadi', '2025-10-16 12:25:21', NULL, NULL),
(36, 5, 'Apakah Anda pernah mencoba membatasi waktu penggunaan media sosial?', 'pilihan', 'pilihan', 1, 'ahmad.riyadi', '2025-10-16 12:26:33', NULL, NULL),
(37, 5, 'Jika ya, metode apa yang Anda gunakan untuk membatasi penggunaannya?', 'checkbox', 'Checkbox', 1, 'ahmad.riyadi', '2025-10-16 12:28:10', NULL, NULL),
(38, 5, 'Berapa banyak waktu ideal menurut Anda untuk menggunakan media sosial per hari?', 'pilihan', 'pilihan', 1, 'ahmad.riyadi', '2025-10-16 12:29:18', NULL, NULL),
(39, 5, 'Apakah Anda merasa media sosial membantu Anda dalam hal pekerjaan atau studi?', 'pilihan', 'pilihan', 1, 'ahmad.riyadi', '2025-10-16 12:29:58', NULL, NULL),
(40, 5, 'Jika ya, bagaimana media sosial membantu Anda?', 'isian', 'isian', 1, 'ahmad.riyadi', '2025-10-16 12:30:32', NULL, NULL),
(41, 5, 'Apakah Anda pernah mengalami kesulitan tidur karena bermain media sosial sehingga larut malam?', 'pilihan', 'pilihan', 1, 'ahmad.riyadi', '2025-10-16 12:31:39', NULL, NULL),
(42, 5, 'Konten seperti apa yang menurut Anda paling bermanfaat di media sosial?', 'isian', 'isian', 1, 'ahmad.riyadi', '2025-10-16 12:32:16', NULL, NULL),
(43, 5, 'Apakah Anda setuju bahwa media sosial perlu diatur penggunaanya untuk menjaga kesehatan mental masyarakat?', 'skala', 'skala rating', 1, 'ahmad.riyadi', '2025-10-16 12:33:43', 'ahmad.riyadi', '2025-10-20 14:24:30'),
(44, 5, 'Berikan saran Anda untuk menggunakan media sosial secara sehat dan produktif!', 'isian', 'isian', 1, 'ahmad.riyadi', '2025-10-16 12:34:45', NULL, NULL),
(45, 5, 'test pertanyaan', 'skala', 'skala', 9, 'ahmad.riyadi', '2025-10-20 09:34:14', 'ahmad.riyadi', '2025-10-20 09:34:48'),
(46, 5, 'buatkan tes tes tes?', 'skala', 'Kemudahan Penggunaan', 9, 'ahmad.riyadi', '2025-10-20 11:13:16', 'ahmad.riyadi', '2025-10-21 09:56:40'),
(47, 5, 'Seberapa puas Anda terhadap pelayanan kami?', 'skala', 'Kepuasan Pelayanan', 9, 'ahmad.riyadi', '2025-10-20 13:31:20', 'ahmad.riyadi', '2025-10-21 09:56:31'),
(48, 4, 'apakah kamu pintar', 'skala', 'skala', 9, 'ahmad.riyadi', '2025-10-20 14:28:42', 'ahmad.riyadi', '2025-10-21 10:40:10'),
(49, 4, 'Apa saran anda untuk meningkatkan penggunaan pembayaran digital di masyarakat', 'isian', '', 1, 'ahmad.riyadi', '2025-10-21 10:43:06', 'ahmad.riyadi', '2025-10-21 11:12:34');

-- --------------------------------------------------------

--
-- Table structure for table `opsi_jawaban`
--

CREATE TABLE `opsi_jawaban` (
  `id` int(11) NOT NULL,
  `kuesioner_id` int(11) DEFAULT NULL,
  `teks_opsi` varchar(255) DEFAULT NULL,
  `nilai_opsi` int(11) DEFAULT NULL,
  `status` tinyint(1) DEFAULT '1',
  `user_input` varchar(100) DEFAULT NULL,
  `tanggal_input` datetime DEFAULT NULL,
  `user_update` varchar(100) DEFAULT NULL,
  `tanggal_update` datetime DEFAULT NULL
) ENGINE=InnoDB DEFAULT CHARSET=utf8;

--
-- Dumping data for table `opsi_jawaban`
--

INSERT INTO `opsi_jawaban` (`id`, `kuesioner_id`, `teks_opsi`, `nilai_opsi`, `status`, `user_input`, `tanggal_input`, `user_update`, `tanggal_update`) VALUES
(1, 1, 'jawaban a', 1, 1, 'ahmad.riyadi', '2025-10-13 17:44:47', 'ahmad.riyadi', '2025-10-13 17:44:47'),
(2, 1, 'jawaban b', 2, 1, 'ahmad.riyadi', '2025-10-13 17:44:47', 'ahmad.riyadi', '2025-10-13 17:44:47'),
(3, 1, 'jawaban c', 3, 1, 'ahmad.riyadi', '2025-10-13 17:44:47', 'ahmad.riyadi', '2025-10-13 17:44:47'),
(4, 2, 'jawaban a', 1, 1, 'ahmad.riyadi', '2025-10-14 11:25:39', NULL, NULL),
(5, 2, 'jawabanb', 2, 1, 'ahmad.riyadi', '2025-10-14 11:25:39', NULL, NULL),
(6, 2, 'jawabanc', 3, 1, 'ahmad.riyadi', '2025-10-14 11:25:39', NULL, NULL),
(7, 3, 'jawaban a', 1, 1, 'ahmad.riyadi', '2025-10-14 13:49:28', NULL, NULL),
(8, 3, 'jawaban b', 2, 1, 'ahmad.riyadi', '2025-10-14 13:49:28', NULL, NULL),
(9, 4, 'Setiap hari', 1, 1, 'ahmad.riyadi', '2025-10-16 10:52:02', NULL, NULL),
(10, 4, '3–5 kali seminggu', 2, 1, 'ahmad.riyadi', '2025-10-16 10:52:02', NULL, NULL),
(11, 4, '1–2 kali seminggu', 3, 1, 'ahmad.riyadi', '2025-10-16 10:52:02', NULL, NULL),
(12, 4, 'Jarang', 4, 1, 'ahmad.riyadi', '2025-10-16 10:52:02', NULL, NULL),
(13, 4, 'Tidak pernah', 5, 1, 'ahmad.riyadi', '2025-10-16 10:52:02', NULL, NULL),
(14, 5, 'GoPay', 1, 1, 'ahmad.riyadi', '2025-10-16 10:55:15', NULL, NULL),
(15, 5, 'OVO', 2, 1, 'ahmad.riyadi', '2025-10-16 10:55:15', NULL, NULL),
(16, 5, 'DANA', 3, 1, 'ahmad.riyadi', '2025-10-16 10:55:15', NULL, NULL),
(17, 5, 'ShopeePay', 4, 1, 'ahmad.riyadi', '2025-10-16 10:55:15', NULL, NULL),
(18, 5, 'LinkAja', 5, 1, 'ahmad.riyadi', '2025-10-16 10:55:15', NULL, NULL),
(19, 5, 'QRIS Bank', 6, 1, 'ahmad.riyadi', '2025-10-16 10:55:15', NULL, NULL),
(20, 5, 'Lainnya', 7, 1, 'ahmad.riyadi', '2025-10-16 10:55:15', NULL, NULL),
(21, 6, 'Membeli makanan/minuman', 1, 1, 'ahmad.riyadi', '2025-10-16 10:58:18', NULL, NULL),
(22, 6, 'Belanja online', 2, 1, 'ahmad.riyadi', '2025-10-16 10:58:18', NULL, NULL),
(23, 6, 'Transportasi (Gojek, Grab, dll)', 3, 1, 'ahmad.riyadi', '2025-10-16 10:58:18', NULL, NULL),
(24, 6, 'Pembayaran tagihan (listrik, pulsa, air)', 4, 1, 'ahmad.riyadi', '2025-10-16 10:58:18', NULL, NULL),
(25, 6, 'Donasi atau transfer ke teman', 5, 1, 'ahmad.riyadi', '2025-10-16 10:58:18', NULL, NULL),
(26, 6, 'Lainnya', 6, 1, 'ahmad.riyadi', '2025-10-16 10:58:18', NULL, NULL),
(27, 7, 'Sangat Setuju', 1, 1, 'ahmad.riyadi', '2025-10-16 11:02:59', NULL, NULL),
(28, 7, 'Setuju', 2, 1, 'ahmad.riyadi', '2025-10-16 11:02:59', NULL, NULL),
(29, 7, 'Netral', 3, 1, 'ahmad.riyadi', '2025-10-16 11:02:59', NULL, NULL),
(30, 7, 'Tidak setuju', 4, 1, 'ahmad.riyadi', '2025-10-16 11:02:59', NULL, NULL),
(31, 7, 'Sangat tidak setuju', 5, 1, 'ahmad.riyadi', '2025-10-16 11:02:59', NULL, NULL),
(32, 8, 'Sering', 1, 1, 'ahmad.riyadi', '2025-10-16 11:04:16', NULL, NULL),
(33, 8, 'Kadang-kadang', 2, 1, 'ahmad.riyadi', '2025-10-16 11:04:16', NULL, NULL),
(34, 8, 'Jarang', 3, 1, 'ahmad.riyadi', '2025-10-16 11:04:16', NULL, NULL),
(35, 8, 'Tidak pernah', 4, 1, 'ahmad.riyadi', '2025-10-16 11:04:16', NULL, NULL),
(36, 9, 'Sangat setuju', 1, 1, 'ahmad.riyadi', '2025-10-16 11:05:40', NULL, NULL),
(37, 9, 'Setuju', 2, 1, 'ahmad.riyadi', '2025-10-16 11:05:40', NULL, NULL),
(38, 9, 'Netral', 3, 1, 'ahmad.riyadi', '2025-10-16 11:05:40', NULL, NULL),
(39, 9, 'Tidak setuju', 4, 1, 'ahmad.riyadi', '2025-10-16 11:05:40', NULL, NULL),
(40, 9, 'Sangat tidak setuju', 5, 1, 'ahmad.riyadi', '2025-10-16 11:05:40', NULL, NULL),
(41, 11, 'Minimarket', 1, 1, 'ahmad.riyadi', '2025-10-16 11:07:50', NULL, NULL),
(42, 11, 'Restoran/kafe', 2, 1, 'ahmad.riyadi', '2025-10-16 11:07:50', NULL, NULL),
(43, 11, 'Ojek online', 3, 1, 'ahmad.riyadi', '2025-10-16 11:07:50', NULL, NULL),
(44, 11, 'Pasar tradisional', 4, 1, 'ahmad.riyadi', '2025-10-16 11:07:50', NULL, NULL),
(45, 11, 'Tempat wisata', 5, 1, 'ahmad.riyadi', '2025-10-16 11:07:50', NULL, NULL),
(46, 11, 'Toko online', 6, 1, 'ahmad.riyadi', '2025-10-16 11:07:50', NULL, NULL),
(47, 12, 'Hampir setiap transaksi', 1, 1, 'ahmad.riyadi', '2025-10-16 11:08:46', NULL, NULL),
(48, 12, 'Kadang-kadang', 2, 1, 'ahmad.riyadi', '2025-10-16 11:08:46', NULL, NULL),
(49, 12, 'Jarang', 3, 1, 'ahmad.riyadi', '2025-10-16 11:08:46', NULL, NULL),
(50, 12, 'Tidak pernah', 4, 1, 'ahmad.riyadi', '2025-10-16 11:08:46', NULL, NULL),
(51, 13, 'Sangat berpengaruh', 1, 1, 'ahmad.riyadi', '2025-10-16 11:09:45', NULL, NULL),
(52, 13, 'Cukup berpengaruh', 2, 1, 'ahmad.riyadi', '2025-10-16 11:09:45', NULL, NULL),
(53, 13, 'Tidak terlalu berpengaruh', 3, 1, 'ahmad.riyadi', '2025-10-16 11:09:45', NULL, NULL),
(54, 13, 'Tidak berpengaruh sama sekali', 4, 1, 'ahmad.riyadi', '2025-10-16 11:09:45', NULL, NULL),
(55, 14, 'Riwayat transaksi', 1, 1, 'ahmad.riyadi', '2025-10-16 11:11:35', NULL, NULL),
(56, 14, 'Promo/cashback', 2, 1, 'ahmad.riyadi', '2025-10-16 11:11:35', NULL, NULL),
(57, 14, 'Scan QR cepat', 3, 1, 'ahmad.riyadi', '2025-10-16 11:11:35', NULL, NULL),
(58, 14, ' Pembayaran tagihan otomatis', 4, 1, 'ahmad.riyadi', '2025-10-16 11:11:35', NULL, NULL),
(59, 14, 'Transfer antar pengguna', 5, 1, 'ahmad.riyadi', '2025-10-16 11:11:35', NULL, NULL),
(60, 14, 'Keamanan dengan PIN/OTP', 6, 1, 'ahmad.riyadi', '2025-10-16 11:11:35', NULL, NULL),
(61, 16, 'Lebih hemat', 1, 1, 'ahmad.riyadi', '2025-10-16 11:13:53', NULL, NULL),
(62, 16, 'Sama saja', 2, 1, 'ahmad.riyadi', '2025-10-16 11:13:53', NULL, NULL),
(63, 16, 'Lebih boros', 3, 1, 'ahmad.riyadi', '2025-10-16 11:13:53', NULL, NULL),
(64, 18, 'Saat nominal kecil (di bawah Rp10.000)', 1, 1, 'ahmad.riyadi', '2025-10-16 11:15:57', NULL, NULL),
(65, 18, 'Saat sinyal internet buruk', 2, 1, 'ahmad.riyadi', '2025-10-16 11:15:57', NULL, NULL),
(66, 18, 'Saat penjual tidak menyediakan QRIS', 3, 1, 'ahmad.riyadi', '2025-10-16 11:15:57', NULL, NULL),
(67, 18, 'Karena lebih nyaman dengan cash', 4, 1, 'ahmad.riyadi', '2025-10-16 11:15:57', NULL, NULL),
(68, 18, 'Karena ingin membatasi pengeluaran', 5, 1, 'ahmad.riyadi', '2025-10-16 11:15:57', NULL, NULL),
(69, 18, 'Lainnya', 6, 1, 'ahmad.riyadi', '2025-10-16 11:15:57', NULL, NULL),
(70, 19, 'Sangat penting', 1, 1, 'ahmad.riyadi', '2025-10-16 11:18:27', NULL, NULL),
(71, 19, 'Penting', 2, 1, 'ahmad.riyadi', '2025-10-16 11:18:27', NULL, NULL),
(72, 19, 'Cukup penting', 3, 1, 'ahmad.riyadi', '2025-10-16 11:18:27', NULL, NULL),
(73, 19, 'Tidak terlalu penting', 4, 1, 'ahmad.riyadi', '2025-10-16 11:18:27', NULL, NULL),
(74, 19, 'Tidak penting', 5, 1, 'ahmad.riyadi', '2025-10-16 11:18:27', NULL, NULL),
(75, 20, 'Wajar sesuai manfaatnya', 1, 1, 'ahmad.riyadi', '2025-10-16 11:20:00', NULL, NULL),
(76, 20, 'Terlalu mahal', 2, 1, 'ahmad.riyadi', '2025-10-16 11:20:00', NULL, NULL),
(77, 20, 'Tidak masalah selama praktis', 3, 1, 'ahmad.riyadi', '2025-10-16 11:20:00', NULL, NULL),
(78, 20, 'Tidak tahu ada biaya seperti itu', 4, 1, 'ahmad.riyadi', '2025-10-16 11:20:00', NULL, NULL),
(79, 21, 'Sangat setuju', 1, 1, 'ahmad.riyadi', '2025-10-16 11:30:22', NULL, NULL),
(80, 21, 'Setuju', 2, 1, 'ahmad.riyadi', '2025-10-16 11:30:22', NULL, NULL),
(81, 21, 'Netral', 3, 1, 'ahmad.riyadi', '2025-10-16 11:30:22', NULL, NULL),
(82, 21, 'Tidak setuju', 4, 1, 'ahmad.riyadi', '2025-10-16 11:30:22', NULL, NULL),
(83, 21, 'Sangat tidak setuju', 5, 1, 'ahmad.riyadi', '2025-10-16 11:30:22', NULL, NULL),
(84, 22, 'Sangat setuju', 1, 1, 'ahmad.riyadi', '2025-10-16 11:31:18', NULL, NULL),
(85, 22, 'Setuju', 2, 1, 'ahmad.riyadi', '2025-10-16 11:31:18', NULL, NULL),
(86, 22, 'Netral', 3, 1, 'ahmad.riyadi', '2025-10-16 11:31:18', NULL, NULL),
(87, 22, ' Tidak setuju', 4, 1, 'ahmad.riyadi', '2025-10-16 11:31:18', NULL, NULL),
(88, 22, 'Sangat tidak setuju', 5, 1, 'ahmad.riyadi', '2025-10-16 11:31:18', NULL, NULL),
(89, 24, '< 1 jam', 1, 1, 'ahmad.riyadi', '2025-10-16 12:07:37', NULL, NULL),
(90, 24, '1 - 3 jam', 2, 1, 'ahmad.riyadi', '2025-10-16 12:07:37', NULL, NULL),
(91, 24, '4 - 6 jam', 3, 1, 'ahmad.riyadi', '2025-10-16 12:07:37', NULL, NULL),
(92, 24, '> 6 jam', 4, 1, 'ahmad.riyadi', '2025-10-16 12:07:37', NULL, NULL),
(93, 25, 'Instagram', 1, 1, 'ahmad.riyadi', '2025-10-16 12:09:10', NULL, NULL),
(94, 25, 'Tiktok', 2, 1, 'ahmad.riyadi', '2025-10-16 12:09:10', NULL, NULL),
(95, 25, 'X (Twitter)', 3, 1, 'ahmad.riyadi', '2025-10-16 12:09:10', NULL, NULL),
(96, 25, 'Facebook', 4, 1, 'ahmad.riyadi', '2025-10-16 12:09:10', NULL, NULL),
(97, 25, 'YouTube', 5, 1, 'ahmad.riyadi', '2025-10-16 12:09:10', NULL, NULL),
(98, 26, 'Hiburan', 1, 1, 'ahmad.riyadi', '2025-10-16 12:11:14', NULL, NULL),
(99, 26, 'Komunikasi', 2, 1, 'ahmad.riyadi', '2025-10-16 12:11:14', NULL, NULL),
(100, 26, 'Pekerjaan atau bisnis', 3, 1, 'ahmad.riyadi', '2025-10-16 12:11:14', NULL, NULL),
(101, 26, 'Mencari informasi', 4, 1, 'ahmad.riyadi', '2025-10-16 12:11:14', NULL, NULL),
(102, 26, 'Ekspresi diri', 5, 1, 'ahmad.riyadi', '2025-10-16 12:11:14', NULL, NULL),
(103, 26, 'Lainnya', 6, 1, 'ahmad.riyadi', '2025-10-16 12:11:14', NULL, NULL),
(104, 27, 'Ya', 1, 1, 'ahmad.riyadi', '2025-10-16 12:12:16', NULL, NULL),
(105, 27, 'Tidak', 2, 1, 'ahmad.riyadi', '2025-10-16 12:12:16', NULL, NULL),
(106, 29, 'Sangat sering', 1, 1, 'ahmad.riyadi', '2025-10-16 12:14:14', NULL, NULL),
(107, 29, 'Kadang - kadang', 2, 1, 'ahmad.riyadi', '2025-10-16 12:14:14', NULL, NULL),
(108, 29, 'Jarang', 3, 1, 'ahmad.riyadi', '2025-10-16 12:14:14', NULL, NULL),
(109, 29, 'Tidak pernah', 4, 1, 'ahmad.riyadi', '2025-10-16 12:14:14', NULL, NULL),
(110, 30, 'Ya, sangat berpengaruh', 1, 1, 'ahmad.riyadi', '2025-10-16 12:15:45', NULL, NULL),
(111, 30, 'Sedikit berpengaruh', 2, 1, 'ahmad.riyadi', '2025-10-16 12:15:45', NULL, NULL),
(112, 30, 'Tidak berpengaruh', 3, 1, 'ahmad.riyadi', '2025-10-16 12:15:45', NULL, NULL),
(113, 31, 'Hiburan (Video lucu, musik, dll.)', 1, 1, 'ahmad.riyadi', '2025-10-16 12:17:41', NULL, NULL),
(114, 31, 'Berita dan informasi', 2, 1, 'ahmad.riyadi', '2025-10-16 12:17:41', NULL, NULL),
(115, 31, 'Edukasi dan tutorial', 3, 1, 'ahmad.riyadi', '2025-10-16 12:17:41', NULL, NULL),
(116, 31, 'Lifestyle dan fashion', 4, 1, 'ahmad.riyadi', '2025-10-16 12:17:41', NULL, NULL),
(117, 31, 'Politik atau opini publik', 5, 1, 'ahmad.riyadi', '2025-10-16 12:17:41', NULL, NULL),
(118, 32, 'Ya', 1, 1, 'ahmad.riyadi', '2025-10-16 12:18:36', NULL, NULL),
(119, 32, 'Tidak', 2, 1, 'ahmad.riyadi', '2025-10-16 12:18:36', NULL, NULL),
(120, 33, 'Perbandingan dengan orang lain', 1, 1, 'ahmad.riyadi', '2025-10-16 12:21:07', NULL, NULL),
(121, 33, 'Komentar negatif atau bullying', 2, 1, 'ahmad.riyadi', '2025-10-16 12:21:07', NULL, NULL),
(122, 33, 'Informasi berlebihan', 3, 1, 'ahmad.riyadi', '2025-10-16 12:21:07', NULL, NULL),
(123, 33, 'Konflik atau debat online', 4, 1, 'ahmad.riyadi', '2025-10-16 12:21:07', NULL, NULL),
(124, 33, 'Tidak ada yang spesifik', 5, 1, 'ahmad.riyadi', '2025-10-16 12:21:07', NULL, NULL),
(125, 33, 'Lainnya', 6, 1, 'ahmad.riyadi', '2025-10-16 12:21:07', NULL, NULL),
(126, 34, 'Lebih senang dan termotivasi', 1, 9, 'ahmad.riyadi', '2025-10-16 12:22:37', 'ahmad.riyadi', '2025-10-20 09:31:39'),
(127, 34, 'Biasa saja', 2, 9, 'ahmad.riyadi', '2025-10-16 12:22:37', 'ahmad.riyadi', '2025-10-20 09:31:39'),
(128, 34, 'Lelah dan tidak produktif', 3, 9, 'ahmad.riyadi', '2025-10-16 12:22:37', 'ahmad.riyadi', '2025-10-20 09:31:39'),
(129, 34, 'Cemas atau tidak tenang', 4, 9, 'ahmad.riyadi', '2025-10-16 12:22:37', 'ahmad.riyadi', '2025-10-20 09:31:39'),
(130, 34, 'Lainnya', 5, 9, 'ahmad.riyadi', '2025-10-16 12:22:37', 'ahmad.riyadi', '2025-10-20 09:31:39'),
(131, 35, 'Lebih senang dan termotivasi', 1, 1, 'ahmad.riyadi', '2025-10-16 12:25:21', NULL, NULL),
(132, 35, 'Biasa saja', 2, 1, 'ahmad.riyadi', '2025-10-16 12:25:21', NULL, NULL),
(133, 35, 'Lelah dan tidak produktif', 3, 1, 'ahmad.riyadi', '2025-10-16 12:25:21', NULL, NULL),
(134, 35, 'Cemas atau tidak tenang', 4, 1, 'ahmad.riyadi', '2025-10-16 12:25:21', NULL, NULL),
(135, 35, 'Lainnya', 5, 1, 'ahmad.riyadi', '2025-10-16 12:25:21', NULL, NULL),
(136, 36, 'Ya', 1, 1, 'ahmad.riyadi', '2025-10-16 12:26:33', NULL, NULL),
(137, 36, 'Tidak', 2, 1, 'ahmad.riyadi', '2025-10-16 12:26:33', NULL, NULL),
(138, 37, 'Mengatur timer pada aplikasi', 1, 1, 'ahmad.riyadi', '2025-10-16 12:28:10', NULL, NULL),
(139, 37, 'Menghapus waktu dengan aktivitas lain', 2, 1, 'ahmad.riyadi', '2025-10-16 12:28:10', NULL, NULL),
(140, 37, 'Menggunakan mode fokus di ponsel', 3, 1, 'ahmad.riyadi', '2025-10-16 12:28:10', NULL, NULL),
(141, 37, 'Mengisi waktu dengan aktivitas lain', 4, 1, 'ahmad.riyadi', '2025-10-16 12:28:10', NULL, NULL),
(142, 38, '< 1 jam', 1, 1, 'ahmad.riyadi', '2025-10-16 12:29:18', NULL, NULL),
(143, 38, '1 - 3 jam', 2, 1, 'ahmad.riyadi', '2025-10-16 12:29:18', NULL, NULL),
(144, 38, '4 - 6 jam', 3, 1, 'ahmad.riyadi', '2025-10-16 12:29:18', NULL, NULL),
(145, 38, '> 6 jam', 4, 1, 'ahmad.riyadi', '2025-10-16 12:29:18', NULL, NULL),
(146, 39, 'Ya', 1, 1, 'ahmad.riyadi', '2025-10-16 12:29:58', NULL, NULL),
(147, 39, 'Tidak', 2, 1, 'ahmad.riyadi', '2025-10-16 12:29:58', NULL, NULL),
(148, 41, 'Ya', 1, 1, 'ahmad.riyadi', '2025-10-16 12:31:39', NULL, NULL),
(149, 41, 'Tidak', 2, 1, 'ahmad.riyadi', '2025-10-16 12:31:39', NULL, NULL),
(150, 43, 'Sangat setuju', 1, 1, 'ahmad.riyadi', '2025-10-16 12:33:43', NULL, NULL),
(151, 43, 'Setuju', 2, 1, 'ahmad.riyadi', '2025-10-16 12:33:43', NULL, NULL),
(152, 43, 'Tidak setuju', 3, 1, 'ahmad.riyadi', '2025-10-16 12:33:43', NULL, NULL),
(153, 43, 'Sangat tidak setuju', 4, 1, 'ahmad.riyadi', '2025-10-16 12:33:43', NULL, NULL),
(154, 24, 'tes1', 3, 9, 'ahmad.riyadi', '2025-10-20 13:25:26', 'ahmad.riyadi', '2025-10-20 13:27:24'),
(155, 24, 'tes2', 2, 9, 'ahmad.riyadi', '2025-10-20 13:26:45', 'ahmad.riyadi', '2025-10-20 13:27:29'),
(156, 46, '1 - Sangat Tidak Puas', 1, 9, 'ahmad.riyadi', '2025-10-20 13:28:06', 'ahmad.riyadi', '2025-10-21 09:56:40'),
(157, 46, '2 - Tidak Puas', 2, 9, 'ahmad.riyadi', '2025-10-20 13:28:18', 'ahmad.riyadi', '2025-10-21 09:56:40'),
(158, 46, '3 - Cukup Puas', 3, 9, 'ahmad.riyadi', '2025-10-20 13:28:30', 'ahmad.riyadi', '2025-10-21 09:56:40'),
(159, 46, '4 - Puas', 4, 9, 'ahmad.riyadi', '2025-10-20 13:28:47', 'ahmad.riyadi', '2025-10-21 09:56:40'),
(160, 46, '5 - Sangat Puas', 5, 9, 'ahmad.riyadi', '2025-10-20 13:28:59', 'ahmad.riyadi', '2025-10-21 09:56:40'),
(161, 48, '1 - Sangat Tidak Puas', 1, 9, 'ahmad.riyadi', '2025-10-20 17:25:43', 'ahmad.riyadi', '2025-10-21 10:40:10'),
(162, 48, '2 - Tidak Puas', 2, 9, 'ahmad.riyadi', '2025-10-20 17:25:49', 'ahmad.riyadi', '2025-10-21 10:40:10'),
(163, 48, '3 - Cukup Puas', 3, 9, 'ahmad.riyadi', '2025-10-20 17:25:56', 'ahmad.riyadi', '2025-10-21 10:40:10');

-- --------------------------------------------------------

--
-- Table structure for table `pekerjaan`
--

CREATE TABLE `pekerjaan` (
  `id` int(11) NOT NULL,
  `nama` varchar(100) DEFAULT NULL,
  `status` tinyint(1) DEFAULT '1',
  `user_input` varchar(100) DEFAULT NULL,
  `tanggal_input` datetime DEFAULT NULL,
  `user_update` varchar(100) DEFAULT NULL,
  `tanggal_update` datetime DEFAULT NULL
) ENGINE=InnoDB DEFAULT CHARSET=utf8;

--
-- Dumping data for table `pekerjaan`
--

INSERT INTO `pekerjaan` (`id`, `nama`, `status`, `user_input`, `tanggal_input`, `user_update`, `tanggal_update`) VALUES
(1, 'Tidak Bekerja', 1, 'ahmad.riyadi', '2025-10-11 23:49:53', 'ahmad.riyadi', '2025-10-11 23:50:02'),
(2, 'PNS/ASN/TNI/Polri', 1, 'ahmad.riyadi', '2025-10-11 23:50:45', 'ahmad.riyadi', '2025-10-11 23:50:45'),
(3, 'Dosen/Guru/Tenaga Kependidikan', 1, 'ahmad.riyadi', '2025-10-11 23:51:02', 'ahmad.riyadi', '2025-10-11 23:51:02'),
(4, 'Karyawan Swasta', 1, 'ahmad.riyadi', '2025-10-11 23:51:16', 'ahmad.riyadi', '2025-10-11 23:51:16'),
(5, 'Wiraswasta', 1, 'ahmad.riyadi', '2025-10-11 23:51:28', 'ahmad.riyadi', '2025-10-11 23:51:28'),
(6, 'Mahasiswa/wi', 1, 'ahmad.riyadi', '2025-10-11 23:51:40', 'ahmad.riyadi', '2025-10-11 23:51:40'),
(7, 'Lainnya', 1, 'ahmad.riyadi', '2025-10-11 23:51:52', 'ahmad.riyadi', '2025-10-11 23:51:52');

-- --------------------------------------------------------

--
-- Table structure for table `pendidikan`
--

CREATE TABLE `pendidikan` (
  `id` int(11) NOT NULL,
  `nama` varchar(100) DEFAULT NULL,
  `status` tinyint(1) DEFAULT '1',
  `user_input` varchar(100) DEFAULT NULL,
  `tanggal_input` datetime DEFAULT NULL,
  `user_update` varchar(100) DEFAULT NULL,
  `tanggal_update` datetime DEFAULT NULL
) ENGINE=InnoDB DEFAULT CHARSET=utf8;

--
-- Dumping data for table `pendidikan`
--

INSERT INTO `pendidikan` (`id`, `nama`, `status`, `user_input`, `tanggal_input`, `user_update`, `tanggal_update`) VALUES
(1, 'SD/ Madrasah Ibtidaiyah', 1, 'ahmad.riyadi', '2025-10-11 23:38:43', 'ahmad.riyadi', '2025-10-11 23:39:00'),
(2, 'SMP/SLTP/Madrasah Tsanawiyah ', 1, 'ahmad.riyadi', '2025-10-11 23:40:45', 'ahmad.riyadi', '2025-10-11 23:40:45'),
(3, 'SMA/SLTA/SMK/Madrasah Aliyah ', 1, 'ahmad.riyadi', '2025-10-11 23:41:00', 'ahmad.riyadi', '2025-10-11 23:41:00'),
(4, 'Diploma (Diploma I, II, III, IV)', 1, 'ahmad.riyadi', '2025-10-11 23:41:17', 'ahmad.riyadi', '2025-10-11 23:41:17'),
(5, 'Sarjana (S1) ', 1, 'ahmad.riyadi', '2025-10-11 23:42:18', 'ahmad.riyadi', '2025-10-11 23:42:18'),
(6, 'Pascasarjana (S2, S3) ', 1, 'ahmad.riyadi', '2025-10-11 23:42:36', 'ahmad.riyadi', '2025-10-11 23:42:36');

-- --------------------------------------------------------

--
-- Table structure for table `penghasilan`
--

CREATE TABLE `penghasilan` (
  `id` int(11) NOT NULL,
  `kisaran` varchar(100) DEFAULT NULL,
  `status` tinyint(1) DEFAULT '1',
  `user_input` varchar(100) DEFAULT NULL,
  `tanggal_input` datetime DEFAULT NULL,
  `user_update` varchar(100) DEFAULT NULL,
  `tanggal_update` datetime DEFAULT NULL
) ENGINE=InnoDB DEFAULT CHARSET=utf8;

--
-- Dumping data for table `penghasilan`
--

INSERT INTO `penghasilan` (`id`, `kisaran`, `status`, `user_input`, `tanggal_input`, `user_update`, `tanggal_update`) VALUES
(1, 'Belum berpenghasilan', 1, 'ahmad.riyadi', '2025-10-12 00:02:40', 'ahmad.riyadi', '2025-10-12 00:02:53'),
(2, '<3 juta', 1, 'ahmad.riyadi', '2025-10-12 00:04:27', 'ahmad.riyadi', '2025-10-12 00:04:27'),
(3, '3 juta s.d. 5 juta', 1, 'ahmad.riyadi', '2025-10-12 00:04:40', 'ahmad.riyadi', '2025-10-12 00:04:40'),
(4, '5 juta s.d. 10 juta', 1, 'ahmad.riyadi', '2025-10-12 00:04:52', 'ahmad.riyadi', '2025-10-12 00:04:52'),
(5, '10 juta s.d. 15 juta', 1, 'ahmad.riyadi', '2025-10-12 00:05:04', 'ahmad.riyadi', '2025-10-12 00:05:04'),
(6, '15 juta s.d. 20 juta', 1, 'ahmad.riyadi', '2025-10-12 00:05:17', 'ahmad.riyadi', '2025-10-12 00:05:17'),
(7, '>20 juta', 1, 'ahmad.riyadi', '2025-10-12 00:05:30', 'ahmad.riyadi', '2025-10-12 00:05:30');

-- --------------------------------------------------------

--
-- Table structure for table `provinces`
--

CREATE TABLE `provinces` (
  `id` int(11) NOT NULL,
  `code` varchar(10) NOT NULL,
  `name` varchar(100) NOT NULL,
  `updated_at_api` date DEFAULT NULL,
  `status` tinyint(1) DEFAULT '1',
  `user_input` varchar(100) DEFAULT NULL,
  `tanggal_input` datetime DEFAULT NULL,
  `user_update` varchar(100) DEFAULT NULL,
  `tanggal_update` datetime DEFAULT NULL
) ENGINE=InnoDB DEFAULT CHARSET=utf8;

--
-- Dumping data for table `provinces`
--

INSERT INTO `provinces` (`id`, `code`, `name`, `updated_at_api`, `status`, `user_input`, `tanggal_input`, `user_update`, `tanggal_update`) VALUES
(1, '11', 'Aceh', '2025-07-04', 1, 'ahmad.riyadi', '2025-10-13 11:22:48', 'ahmad.riyadi', '2025-10-13 11:38:30'),
(2, '51', 'Bali', '2025-07-04', 1, 'ahmad.riyadi', '2025-10-13 11:22:48', 'ahmad.riyadi', '2025-10-13 11:38:30'),
(3, '36', 'Banten', '2025-07-04', 1, 'ahmad.riyadi', '2025-10-13 11:22:48', 'ahmad.riyadi', '2025-10-13 11:38:30'),
(4, '17', 'Bengkulu', '2025-07-04', 1, 'ahmad.riyadi', '2025-10-13 11:22:48', 'ahmad.riyadi', '2025-10-13 11:38:30'),
(5, '34', 'Daerah Istimewa Yogyakarta', '2025-07-04', 1, 'ahmad.riyadi', '2025-10-13 11:22:48', 'ahmad.riyadi', '2025-10-13 11:38:30'),
(6, '31', 'DKI Jakarta', '2025-07-04', 1, 'ahmad.riyadi', '2025-10-13 11:22:48', 'ahmad.riyadi', '2025-10-13 11:38:30'),
(7, '75', 'Gorontalo', '2025-07-04', 1, 'ahmad.riyadi', '2025-10-13 11:22:48', 'ahmad.riyadi', '2025-10-13 11:38:30'),
(8, '15', 'Jambi', '2025-07-04', 1, 'ahmad.riyadi', '2025-10-13 11:22:48', 'ahmad.riyadi', '2025-10-13 11:38:30'),
(9, '32', 'Jawa Barat', '2025-07-04', 1, 'ahmad.riyadi', '2025-10-13 11:22:48', 'ahmad.riyadi', '2025-10-13 11:38:30'),
(10, '33', 'Jawa Tengah', '2025-07-04', 1, 'ahmad.riyadi', '2025-10-13 11:22:48', 'ahmad.riyadi', '2025-10-13 11:38:30'),
(11, '35', 'Jawa Timur', '2025-07-04', 1, 'ahmad.riyadi', '2025-10-13 11:22:48', 'ahmad.riyadi', '2025-10-13 11:38:30'),
(12, '61', 'Kalimantan Barat', '2025-07-04', 1, 'ahmad.riyadi', '2025-10-13 11:22:48', 'ahmad.riyadi', '2025-10-13 11:38:30'),
(13, '63', 'Kalimantan Selatan', '2025-07-04', 1, 'ahmad.riyadi', '2025-10-13 11:22:48', 'ahmad.riyadi', '2025-10-13 11:38:30'),
(14, '62', 'Kalimantan Tengah', '2025-07-04', 1, 'ahmad.riyadi', '2025-10-13 11:22:48', 'ahmad.riyadi', '2025-10-13 11:38:30'),
(15, '64', 'Kalimantan Timur', '2025-07-04', 1, 'ahmad.riyadi', '2025-10-13 11:22:48', 'ahmad.riyadi', '2025-10-13 11:38:30'),
(16, '65', 'Kalimantan Utara', '2025-07-04', 1, 'ahmad.riyadi', '2025-10-13 11:22:48', 'ahmad.riyadi', '2025-10-13 11:38:30'),
(17, '19', 'Kepulauan Bangka Belitung', '2025-07-04', 1, 'ahmad.riyadi', '2025-10-13 11:22:48', 'ahmad.riyadi', '2025-10-13 11:38:30'),
(18, '21', 'Kepulauan Riau', '2025-07-04', 1, 'ahmad.riyadi', '2025-10-13 11:22:48', 'ahmad.riyadi', '2025-10-13 11:38:30'),
(19, '18', 'Lampung', '2025-07-04', 1, 'ahmad.riyadi', '2025-10-13 11:22:48', 'ahmad.riyadi', '2025-10-13 11:38:30'),
(20, '81', 'Maluku', '2025-07-04', 1, 'ahmad.riyadi', '2025-10-13 11:22:48', 'ahmad.riyadi', '2025-10-13 11:38:30'),
(21, '82', 'Maluku Utara', '2025-07-04', 1, 'ahmad.riyadi', '2025-10-13 11:22:48', 'ahmad.riyadi', '2025-10-13 11:38:30'),
(22, '52', 'Nusa Tenggara Barat', '2025-07-04', 1, 'ahmad.riyadi', '2025-10-13 11:22:48', 'ahmad.riyadi', '2025-10-13 11:38:30'),
(23, '53', 'Nusa Tenggara Timur', '2025-07-04', 1, 'ahmad.riyadi', '2025-10-13 11:22:48', 'ahmad.riyadi', '2025-10-13 11:38:30'),
(24, '91', 'Papua', '2025-07-04', 1, 'ahmad.riyadi', '2025-10-13 11:22:48', 'ahmad.riyadi', '2025-10-13 11:38:30'),
(25, '92', 'Papua Barat', '2025-07-04', 1, 'ahmad.riyadi', '2025-10-13 11:22:48', 'ahmad.riyadi', '2025-10-13 11:38:30'),
(26, '96', 'Papua Barat Daya', '2025-07-04', 1, 'ahmad.riyadi', '2025-10-13 11:22:48', 'ahmad.riyadi', '2025-10-13 11:38:30'),
(27, '95', 'Papua Pegunungan', '2025-07-04', 1, 'ahmad.riyadi', '2025-10-13 11:22:48', 'ahmad.riyadi', '2025-10-13 11:38:30'),
(28, '93', 'Papua Selatan', '2025-07-04', 1, 'ahmad.riyadi', '2025-10-13 11:22:48', 'ahmad.riyadi', '2025-10-13 11:38:30'),
(29, '94', 'Papua Tengah', '2025-07-04', 1, 'ahmad.riyadi', '2025-10-13 11:22:48', 'ahmad.riyadi', '2025-10-13 11:38:30'),
(30, '14', 'Riau', '2025-07-04', 1, 'ahmad.riyadi', '2025-10-13 11:22:48', 'ahmad.riyadi', '2025-10-13 11:38:30'),
(31, '76', 'Sulawesi Barat', '2025-07-04', 1, 'ahmad.riyadi', '2025-10-13 11:22:48', 'ahmad.riyadi', '2025-10-13 11:38:30'),
(32, '73', 'Sulawesi Selatan', '2025-07-04', 1, 'ahmad.riyadi', '2025-10-13 11:22:48', 'ahmad.riyadi', '2025-10-13 11:38:30'),
(33, '72', 'Sulawesi Tengah', '2025-07-04', 1, 'ahmad.riyadi', '2025-10-13 11:22:48', 'ahmad.riyadi', '2025-10-13 11:38:30'),
(34, '74', 'Sulawesi Tenggara', '2025-07-04', 1, 'ahmad.riyadi', '2025-10-13 11:22:48', 'ahmad.riyadi', '2025-10-13 11:38:30'),
(35, '71', 'Sulawesi Utara', '2025-07-04', 1, 'ahmad.riyadi', '2025-10-13 11:22:48', 'ahmad.riyadi', '2025-10-13 11:38:30'),
(36, '13', 'Sumatera Barat', '2025-07-04', 1, 'ahmad.riyadi', '2025-10-13 11:22:48', 'ahmad.riyadi', '2025-10-13 11:38:30'),
(37, '16', 'Sumatera Selatan', '2025-07-04', 1, 'ahmad.riyadi', '2025-10-13 11:22:48', 'ahmad.riyadi', '2025-10-13 11:38:30'),
(38, '12', 'Sumatera Utara', '2025-07-04', 1, 'ahmad.riyadi', '2025-10-13 11:22:48', 'ahmad.riyadi', '2025-10-13 11:38:30');

-- --------------------------------------------------------

--
-- Table structure for table `regencies`
--

CREATE TABLE `regencies` (
  `id` int(11) NOT NULL,
  `province_code` varchar(10) NOT NULL,
  `code` varchar(10) NOT NULL,
  `name` varchar(100) NOT NULL,
  `updated_at_api` date DEFAULT NULL,
  `status` tinyint(1) DEFAULT '1',
  `user_input` varchar(100) DEFAULT NULL,
  `tanggal_input` datetime DEFAULT NULL,
  `user_update` varchar(100) DEFAULT NULL,
  `tanggal_update` datetime DEFAULT NULL
) ENGINE=InnoDB DEFAULT CHARSET=utf8;

--
-- Dumping data for table `regencies`
--

INSERT INTO `regencies` (`id`, `province_code`, `code`, `name`, `updated_at_api`, `status`, `user_input`, `tanggal_input`, `user_update`, `tanggal_update`) VALUES
(1, '11', '11.05', 'Kabupaten Aceh Barat', '2025-07-04', 1, 'ahmad.riyadi', '2025-10-13 11:30:45', 'ahmad.riyadi', '2025-10-13 11:33:20'),
(2, '11', '11.12', 'Kabupaten Aceh Barat Daya', '2025-07-04', 1, 'ahmad.riyadi', '2025-10-13 11:30:45', 'ahmad.riyadi', '2025-10-13 11:33:20'),
(3, '11', '11.06', 'Kabupaten Aceh Besar', '2025-07-04', 1, 'ahmad.riyadi', '2025-10-13 11:30:45', 'ahmad.riyadi', '2025-10-13 11:33:20'),
(4, '11', '11.14', 'Kabupaten Aceh Jaya', '2025-07-04', 1, 'ahmad.riyadi', '2025-10-13 11:30:45', 'ahmad.riyadi', '2025-10-13 11:33:20'),
(5, '11', '11.01', 'Kabupaten Aceh Selatan', '2025-07-04', 1, 'ahmad.riyadi', '2025-10-13 11:30:45', 'ahmad.riyadi', '2025-10-13 11:33:20'),
(6, '11', '11.10', 'Kabupaten Aceh Singkil', '2025-07-04', 1, 'ahmad.riyadi', '2025-10-13 11:30:45', 'ahmad.riyadi', '2025-10-13 11:33:20'),
(7, '11', '11.16', 'Kabupaten Aceh Tamiang', '2025-07-04', 1, 'ahmad.riyadi', '2025-10-13 11:30:45', 'ahmad.riyadi', '2025-10-13 11:33:20'),
(8, '11', '11.04', 'Kabupaten Aceh Tengah', '2025-07-04', 1, 'ahmad.riyadi', '2025-10-13 11:30:45', 'ahmad.riyadi', '2025-10-13 11:33:20'),
(9, '11', '11.02', 'Kabupaten Aceh Tenggara', '2025-07-04', 1, 'ahmad.riyadi', '2025-10-13 11:30:45', 'ahmad.riyadi', '2025-10-13 11:33:20'),
(10, '11', '11.03', 'Kabupaten Aceh Timur', '2025-07-04', 1, 'ahmad.riyadi', '2025-10-13 11:30:45', 'ahmad.riyadi', '2025-10-13 11:33:20'),
(11, '11', '11.08', 'Kabupaten Aceh Utara', '2025-07-04', 1, 'ahmad.riyadi', '2025-10-13 11:30:45', 'ahmad.riyadi', '2025-10-13 11:33:20'),
(12, '11', '11.17', 'Kabupaten Bener Meriah', '2025-07-04', 1, 'ahmad.riyadi', '2025-10-13 11:30:45', 'ahmad.riyadi', '2025-10-13 11:33:20'),
(13, '11', '11.11', 'Kabupaten Bireuen', '2025-07-04', 1, 'ahmad.riyadi', '2025-10-13 11:30:45', 'ahmad.riyadi', '2025-10-13 11:33:20'),
(14, '11', '11.13', 'Kabupaten Gayo Lues', '2025-07-04', 1, 'ahmad.riyadi', '2025-10-13 11:30:45', 'ahmad.riyadi', '2025-10-13 11:33:20'),
(15, '11', '11.15', 'Kabupaten Nagan Raya', '2025-07-04', 1, 'ahmad.riyadi', '2025-10-13 11:30:45', 'ahmad.riyadi', '2025-10-13 11:33:20'),
(16, '11', '11.07', 'Kabupaten Pidie', '2025-07-04', 1, 'ahmad.riyadi', '2025-10-13 11:30:45', 'ahmad.riyadi', '2025-10-13 11:33:20'),
(17, '11', '11.18', 'Kabupaten Pidie Jaya', '2025-07-04', 1, 'ahmad.riyadi', '2025-10-13 11:30:45', 'ahmad.riyadi', '2025-10-13 11:33:20'),
(18, '11', '11.09', 'Kabupaten Simeulue', '2025-07-04', 1, 'ahmad.riyadi', '2025-10-13 11:30:45', 'ahmad.riyadi', '2025-10-13 11:33:20'),
(19, '11', '11.71', 'Kota Banda Aceh', '2025-07-04', 1, 'ahmad.riyadi', '2025-10-13 11:30:45', 'ahmad.riyadi', '2025-10-13 11:33:20'),
(20, '11', '11.74', 'Kota Langsa', '2025-07-04', 1, 'ahmad.riyadi', '2025-10-13 11:30:45', 'ahmad.riyadi', '2025-10-13 11:33:20'),
(21, '11', '11.73', 'Kota Lhokseumawe', '2025-07-04', 1, 'ahmad.riyadi', '2025-10-13 11:30:45', 'ahmad.riyadi', '2025-10-13 11:33:20'),
(22, '11', '11.72', 'Kota Sabang', '2025-07-04', 1, 'ahmad.riyadi', '2025-10-13 11:30:45', 'ahmad.riyadi', '2025-10-13 11:33:20'),
(23, '11', '11.75', 'Kota Subulussalam', '2025-07-04', 1, 'ahmad.riyadi', '2025-10-13 11:30:45', 'ahmad.riyadi', '2025-10-13 11:33:20'),
(24, '51', '51.03', 'Kabupaten Badung', '2025-07-04', 1, 'ahmad.riyadi', '2025-10-13 11:30:45', 'ahmad.riyadi', '2025-10-13 11:33:20'),
(25, '51', '51.06', 'Kabupaten Bangli', '2025-07-04', 1, 'ahmad.riyadi', '2025-10-13 11:30:45', 'ahmad.riyadi', '2025-10-13 11:33:20'),
(26, '51', '51.08', 'Kabupaten Buleleng', '2025-07-04', 1, 'ahmad.riyadi', '2025-10-13 11:30:45', 'ahmad.riyadi', '2025-10-13 11:33:20'),
(27, '51', '51.04', 'Kabupaten Gianyar', '2025-07-04', 1, 'ahmad.riyadi', '2025-10-13 11:30:45', 'ahmad.riyadi', '2025-10-13 11:33:20'),
(28, '51', '51.01', 'Kabupaten Jembrana', '2025-07-04', 1, 'ahmad.riyadi', '2025-10-13 11:30:45', 'ahmad.riyadi', '2025-10-13 11:33:20'),
(29, '51', '51.07', 'Kabupaten Karangasem', '2025-07-04', 1, 'ahmad.riyadi', '2025-10-13 11:30:45', 'ahmad.riyadi', '2025-10-13 11:33:20'),
(30, '51', '51.05', 'Kabupaten Klungkung', '2025-07-04', 1, 'ahmad.riyadi', '2025-10-13 11:30:45', 'ahmad.riyadi', '2025-10-13 11:33:20'),
(31, '51', '51.02', 'Kabupaten Tabanan', '2025-07-04', 1, 'ahmad.riyadi', '2025-10-13 11:30:45', 'ahmad.riyadi', '2025-10-13 11:33:20'),
(32, '51', '51.71', 'Kota Denpasar', '2025-07-04', 1, 'ahmad.riyadi', '2025-10-13 11:30:45', 'ahmad.riyadi', '2025-10-13 11:33:20'),
(33, '36', '36.02', 'Kabupaten Lebak', '2025-07-04', 1, 'ahmad.riyadi', '2025-10-13 11:30:45', 'ahmad.riyadi', '2025-10-13 11:33:20'),
(34, '36', '36.01', 'Kabupaten Pandeglang', '2025-07-04', 1, 'ahmad.riyadi', '2025-10-13 11:30:45', 'ahmad.riyadi', '2025-10-13 11:33:20'),
(35, '36', '36.04', 'Kabupaten Serang', '2025-07-04', 1, 'ahmad.riyadi', '2025-10-13 11:30:45', 'ahmad.riyadi', '2025-10-13 11:33:20'),
(36, '36', '36.03', 'Kabupaten Tangerang', '2025-07-04', 1, 'ahmad.riyadi', '2025-10-13 11:30:45', 'ahmad.riyadi', '2025-10-13 11:33:20'),
(37, '36', '36.72', 'Kota Cilegon', '2025-07-04', 1, 'ahmad.riyadi', '2025-10-13 11:30:45', 'ahmad.riyadi', '2025-10-13 11:33:20'),
(38, '36', '36.73', 'Kota Serang', '2025-07-04', 1, 'ahmad.riyadi', '2025-10-13 11:30:45', 'ahmad.riyadi', '2025-10-13 11:33:20'),
(39, '36', '36.71', 'Kota Tangerang', '2025-07-04', 1, 'ahmad.riyadi', '2025-10-13 11:30:45', 'ahmad.riyadi', '2025-10-13 11:33:20'),
(40, '36', '36.74', 'Kota Tangerang Selatan', '2025-07-04', 1, 'ahmad.riyadi', '2025-10-13 11:30:45', 'ahmad.riyadi', '2025-10-13 11:33:20'),
(41, '17', '17.01', 'Kabupaten Bengkulu Selatan', '2025-07-04', 1, 'ahmad.riyadi', '2025-10-13 11:30:45', 'ahmad.riyadi', '2025-10-13 11:33:20'),
(42, '17', '17.09', 'Kabupaten Bengkulu Tengah', '2025-07-04', 1, 'ahmad.riyadi', '2025-10-13 11:30:45', 'ahmad.riyadi', '2025-10-13 11:33:20'),
(43, '17', '17.03', 'Kabupaten Bengkulu Utara', '2025-07-04', 1, 'ahmad.riyadi', '2025-10-13 11:30:45', 'ahmad.riyadi', '2025-10-13 11:33:20'),
(44, '17', '17.04', 'Kabupaten Kaur', '2025-07-04', 1, 'ahmad.riyadi', '2025-10-13 11:30:45', 'ahmad.riyadi', '2025-10-13 11:33:20'),
(45, '17', '17.08', 'Kabupaten Kepahiang', '2025-07-04', 1, 'ahmad.riyadi', '2025-10-13 11:30:45', 'ahmad.riyadi', '2025-10-13 11:33:20'),
(46, '17', '17.07', 'Kabupaten Lebong', '2025-07-04', 1, 'ahmad.riyadi', '2025-10-13 11:30:45', 'ahmad.riyadi', '2025-10-13 11:33:20'),
(47, '17', '17.06', 'Kabupaten Mukomuko', '2025-07-04', 1, 'ahmad.riyadi', '2025-10-13 11:30:45', 'ahmad.riyadi', '2025-10-13 11:33:20'),
(48, '17', '17.02', 'Kabupaten Rejang Lebong', '2025-07-04', 1, 'ahmad.riyadi', '2025-10-13 11:30:45', 'ahmad.riyadi', '2025-10-13 11:33:20'),
(49, '17', '17.05', 'Kabupaten Seluma', '2025-07-04', 1, 'ahmad.riyadi', '2025-10-13 11:30:45', 'ahmad.riyadi', '2025-10-13 11:33:20'),
(50, '17', '17.71', 'Kota Bengkulu', '2025-07-04', 1, 'ahmad.riyadi', '2025-10-13 11:30:45', 'ahmad.riyadi', '2025-10-13 11:33:20'),
(51, '34', '34.02', 'Kabupaten Bantul', '2025-07-04', 1, 'ahmad.riyadi', '2025-10-13 11:30:45', 'ahmad.riyadi', '2025-10-13 11:33:20'),
(52, '34', '34.03', 'Kabupaten Gunungkidul', '2025-07-04', 1, 'ahmad.riyadi', '2025-10-13 11:30:45', 'ahmad.riyadi', '2025-10-13 11:33:20'),
(53, '34', '34.01', 'Kabupaten Kulon Progo', '2025-07-04', 1, 'ahmad.riyadi', '2025-10-13 11:30:45', 'ahmad.riyadi', '2025-10-13 11:33:20'),
(54, '34', '34.04', 'Kabupaten Sleman', '2025-07-04', 1, 'ahmad.riyadi', '2025-10-13 11:30:45', 'ahmad.riyadi', '2025-10-13 11:33:20'),
(55, '34', '34.71', 'Kota Yogyakarta', '2025-07-04', 1, 'ahmad.riyadi', '2025-10-13 11:30:45', 'ahmad.riyadi', '2025-10-13 11:33:20'),
(56, '31', '31.01', 'Kabupaten Administrasi Kepulauan Seribu', '2025-07-04', 1, 'ahmad.riyadi', '2025-10-13 11:30:45', 'ahmad.riyadi', '2025-10-13 11:33:20'),
(57, '31', '31.73', 'Kota Administrasi Jakarta Barat', '2025-07-04', 1, 'ahmad.riyadi', '2025-10-13 11:30:45', 'ahmad.riyadi', '2025-10-13 11:33:20'),
(58, '31', '31.71', 'Kota Administrasi Jakarta Pusat', '2025-07-04', 1, 'ahmad.riyadi', '2025-10-13 11:30:45', 'ahmad.riyadi', '2025-10-13 11:33:20'),
(59, '31', '31.74', 'Kota Administrasi Jakarta Selatan', '2025-07-04', 1, 'ahmad.riyadi', '2025-10-13 11:30:45', 'ahmad.riyadi', '2025-10-13 11:33:20'),
(60, '31', '31.75', 'Kota Administrasi Jakarta Timur', '2025-07-04', 1, 'ahmad.riyadi', '2025-10-13 11:30:45', 'ahmad.riyadi', '2025-10-13 11:33:20'),
(61, '31', '31.72', 'Kota Administrasi Jakarta Utara ', '2025-07-04', 1, 'ahmad.riyadi', '2025-10-13 11:30:45', 'ahmad.riyadi', '2025-10-13 11:33:20'),
(62, '75', '75.02', 'Kabupaten Boalemo', '2025-07-04', 1, 'ahmad.riyadi', '2025-10-13 11:30:45', 'ahmad.riyadi', '2025-10-13 11:33:21'),
(63, '75', '75.03', 'Kabupaten Bone Bolango', '2025-07-04', 1, 'ahmad.riyadi', '2025-10-13 11:30:45', 'ahmad.riyadi', '2025-10-13 11:33:21'),
(64, '75', '75.01', 'Kabupaten Gorontalo', '2025-07-04', 1, 'ahmad.riyadi', '2025-10-13 11:30:45', 'ahmad.riyadi', '2025-10-13 11:33:21'),
(65, '75', '75.05', 'Kabupaten Gorontalo Utara', '2025-07-04', 1, 'ahmad.riyadi', '2025-10-13 11:30:45', 'ahmad.riyadi', '2025-10-13 11:33:21'),
(66, '75', '75.04', 'Kabupaten Pohuwato', '2025-07-04', 1, 'ahmad.riyadi', '2025-10-13 11:30:45', 'ahmad.riyadi', '2025-10-13 11:33:21'),
(67, '75', '75.71', 'Kota Gorontalo', '2025-07-04', 1, 'ahmad.riyadi', '2025-10-13 11:30:45', 'ahmad.riyadi', '2025-10-13 11:33:21'),
(68, '15', '15.02', 'Kabupaten  Merangin', '2025-07-04', 1, 'ahmad.riyadi', '2025-10-13 11:30:45', 'ahmad.riyadi', '2025-10-13 11:33:21'),
(69, '15', '15.05', 'Kabupaten  Muaro Jambi', '2025-07-04', 1, 'ahmad.riyadi', '2025-10-13 11:30:45', 'ahmad.riyadi', '2025-10-13 11:33:21'),
(70, '15', '15.04', 'Kabupaten Batanghari', '2025-07-04', 1, 'ahmad.riyadi', '2025-10-13 11:30:45', 'ahmad.riyadi', '2025-10-13 11:33:21'),
(71, '15', '15.08', 'Kabupaten Bungo', '2025-07-04', 1, 'ahmad.riyadi', '2025-10-13 11:30:45', 'ahmad.riyadi', '2025-10-13 11:33:21'),
(72, '15', '15.01', 'Kabupaten Kerinci', '2025-07-04', 1, 'ahmad.riyadi', '2025-10-13 11:30:45', 'ahmad.riyadi', '2025-10-13 11:33:21'),
(73, '15', '15.03', 'Kabupaten Sarolangun', '2025-07-04', 1, 'ahmad.riyadi', '2025-10-13 11:30:45', 'ahmad.riyadi', '2025-10-13 11:33:21'),
(74, '15', '15.06', 'Kabupaten Tanjung Jabung Barat', '2025-07-04', 1, 'ahmad.riyadi', '2025-10-13 11:30:45', 'ahmad.riyadi', '2025-10-13 11:33:21'),
(75, '15', '15.07', 'Kabupaten Tanjung Jabung Timur', '2025-07-04', 1, 'ahmad.riyadi', '2025-10-13 11:30:45', 'ahmad.riyadi', '2025-10-13 11:33:21'),
(76, '15', '15.09', 'Kabupaten Tebo', '2025-07-04', 1, 'ahmad.riyadi', '2025-10-13 11:30:45', 'ahmad.riyadi', '2025-10-13 11:33:21'),
(77, '15', '15.71', 'Kota Jambi', '2025-07-04', 1, 'ahmad.riyadi', '2025-10-13 11:30:45', 'ahmad.riyadi', '2025-10-13 11:33:21'),
(78, '15', '15.72', 'Kota Sungai Penuh', '2025-07-04', 1, 'ahmad.riyadi', '2025-10-13 11:30:45', 'ahmad.riyadi', '2025-10-13 11:33:21'),
(79, '32', '32.04', 'Kabupaten Bandung', '2025-07-04', 1, 'ahmad.riyadi', '2025-10-13 11:30:46', 'ahmad.riyadi', '2025-10-13 11:33:21'),
(80, '32', '32.17', 'Kabupaten Bandung Barat', '2025-07-04', 1, 'ahmad.riyadi', '2025-10-13 11:30:46', 'ahmad.riyadi', '2025-10-13 11:33:21'),
(81, '32', '32.16', 'Kabupaten Bekasi', '2025-07-04', 1, 'ahmad.riyadi', '2025-10-13 11:30:46', 'ahmad.riyadi', '2025-10-13 11:33:21'),
(82, '32', '32.01', 'Kabupaten Bogor', '2025-07-04', 1, 'ahmad.riyadi', '2025-10-13 11:30:46', 'ahmad.riyadi', '2025-10-13 11:33:21'),
(83, '32', '32.07', 'Kabupaten Ciamis', '2025-07-04', 1, 'ahmad.riyadi', '2025-10-13 11:30:46', 'ahmad.riyadi', '2025-10-13 11:33:21'),
(84, '32', '32.03', 'Kabupaten Cianjur', '2025-07-04', 1, 'ahmad.riyadi', '2025-10-13 11:30:46', 'ahmad.riyadi', '2025-10-13 11:33:21'),
(85, '32', '32.09', 'Kabupaten Cirebon', '2025-07-04', 1, 'ahmad.riyadi', '2025-10-13 11:30:46', 'ahmad.riyadi', '2025-10-13 11:33:21'),
(86, '32', '32.05', 'Kabupaten Garut', '2025-07-04', 1, 'ahmad.riyadi', '2025-10-13 11:30:46', 'ahmad.riyadi', '2025-10-13 11:33:21'),
(87, '32', '32.12', 'Kabupaten Indramayu', '2025-07-04', 1, 'ahmad.riyadi', '2025-10-13 11:30:46', 'ahmad.riyadi', '2025-10-13 11:33:21'),
(88, '32', '32.15', 'Kabupaten Karawang', '2025-07-04', 1, 'ahmad.riyadi', '2025-10-13 11:30:46', 'ahmad.riyadi', '2025-10-13 11:33:21'),
(89, '32', '32.08', 'Kabupaten Kuningan', '2025-07-04', 1, 'ahmad.riyadi', '2025-10-13 11:30:46', 'ahmad.riyadi', '2025-10-13 11:33:21'),
(90, '32', '32.10', 'Kabupaten Majalengka', '2025-07-04', 1, 'ahmad.riyadi', '2025-10-13 11:30:46', 'ahmad.riyadi', '2025-10-13 11:33:21'),
(91, '32', '32.18', 'Kabupaten Pangandaran', '2025-07-04', 1, 'ahmad.riyadi', '2025-10-13 11:30:46', 'ahmad.riyadi', '2025-10-13 11:33:21'),
(92, '32', '32.14', 'Kabupaten Purwakarta', '2025-07-04', 1, 'ahmad.riyadi', '2025-10-13 11:30:46', 'ahmad.riyadi', '2025-10-13 11:33:21'),
(93, '32', '32.13', 'Kabupaten Subang', '2025-07-04', 1, 'ahmad.riyadi', '2025-10-13 11:30:46', 'ahmad.riyadi', '2025-10-13 11:33:21'),
(94, '32', '32.02', 'Kabupaten Sukabumi', '2025-07-04', 1, 'ahmad.riyadi', '2025-10-13 11:30:46', 'ahmad.riyadi', '2025-10-13 11:33:21'),
(95, '32', '32.11', 'Kabupaten Sumedang', '2025-07-04', 1, 'ahmad.riyadi', '2025-10-13 11:30:46', 'ahmad.riyadi', '2025-10-13 11:33:21'),
(96, '32', '32.06', 'Kabupaten Tasikmalaya', '2025-07-04', 1, 'ahmad.riyadi', '2025-10-13 11:30:46', 'ahmad.riyadi', '2025-10-13 11:33:21'),
(97, '32', '32.73', 'Kota Bandung', '2025-07-04', 1, 'ahmad.riyadi', '2025-10-13 11:30:46', 'ahmad.riyadi', '2025-10-13 11:33:21'),
(98, '32', '32.79', 'Kota Banjar', '2025-07-04', 1, 'ahmad.riyadi', '2025-10-13 11:30:46', 'ahmad.riyadi', '2025-10-13 11:33:21'),
(99, '32', '32.75', 'Kota Bekasi', '2025-07-04', 1, 'ahmad.riyadi', '2025-10-13 11:30:46', 'ahmad.riyadi', '2025-10-13 11:33:21'),
(100, '32', '32.71', 'Kota Bogor', '2025-07-04', 1, 'ahmad.riyadi', '2025-10-13 11:30:46', 'ahmad.riyadi', '2025-10-13 11:33:21'),
(101, '32', '32.77', 'Kota Cimahi', '2025-07-04', 1, 'ahmad.riyadi', '2025-10-13 11:30:46', 'ahmad.riyadi', '2025-10-13 11:33:21'),
(102, '32', '32.74', 'Kota Cirebon', '2025-07-04', 1, 'ahmad.riyadi', '2025-10-13 11:30:46', 'ahmad.riyadi', '2025-10-13 11:33:21'),
(103, '32', '32.76', 'Kota Depok', '2025-07-04', 1, 'ahmad.riyadi', '2025-10-13 11:30:46', 'ahmad.riyadi', '2025-10-13 11:33:21'),
(104, '32', '32.72', 'Kota Sukabumi', '2025-07-04', 1, 'ahmad.riyadi', '2025-10-13 11:30:46', 'ahmad.riyadi', '2025-10-13 11:33:21'),
(105, '32', '32.78', 'Kota Tasikmalaya', '2025-07-04', 1, 'ahmad.riyadi', '2025-10-13 11:30:46', 'ahmad.riyadi', '2025-10-13 11:33:21'),
(106, '33', '33.04', 'Kabupaten Banjarnegara', '2025-07-04', 1, 'ahmad.riyadi', '2025-10-13 11:30:46', 'ahmad.riyadi', '2025-10-13 11:33:21'),
(107, '33', '33.02', 'Kabupaten Banyumas', '2025-07-04', 1, 'ahmad.riyadi', '2025-10-13 11:30:46', 'ahmad.riyadi', '2025-10-13 11:33:21'),
(108, '33', '33.25', 'Kabupaten Batang', '2025-07-04', 1, 'ahmad.riyadi', '2025-10-13 11:30:46', 'ahmad.riyadi', '2025-10-13 11:33:21'),
(109, '33', '33.16', 'Kabupaten Blora', '2025-07-04', 1, 'ahmad.riyadi', '2025-10-13 11:30:46', 'ahmad.riyadi', '2025-10-13 11:33:21'),
(110, '33', '33.09', 'Kabupaten Boyolali', '2025-07-04', 1, 'ahmad.riyadi', '2025-10-13 11:30:46', 'ahmad.riyadi', '2025-10-13 11:33:21'),
(111, '33', '33.29', 'Kabupaten Brebes', '2025-07-04', 1, 'ahmad.riyadi', '2025-10-13 11:30:46', 'ahmad.riyadi', '2025-10-13 11:33:21'),
(112, '33', '33.01', 'Kabupaten Cilacap', '2025-07-04', 1, 'ahmad.riyadi', '2025-10-13 11:30:46', 'ahmad.riyadi', '2025-10-13 11:33:21'),
(113, '33', '33.21', 'Kabupaten Demak', '2025-07-04', 1, 'ahmad.riyadi', '2025-10-13 11:30:46', 'ahmad.riyadi', '2025-10-13 11:33:21'),
(114, '33', '33.15', 'Kabupaten Grobogan', '2025-07-04', 1, 'ahmad.riyadi', '2025-10-13 11:30:46', 'ahmad.riyadi', '2025-10-13 11:33:21'),
(115, '33', '33.20', 'Kabupaten Jepara', '2025-07-04', 1, 'ahmad.riyadi', '2025-10-13 11:30:46', 'ahmad.riyadi', '2025-10-13 11:33:21'),
(116, '33', '33.13', 'Kabupaten Karanganyar', '2025-07-04', 1, 'ahmad.riyadi', '2025-10-13 11:30:46', 'ahmad.riyadi', '2025-10-13 11:33:21'),
(117, '33', '33.05', 'Kabupaten Kebumen', '2025-07-04', 1, 'ahmad.riyadi', '2025-10-13 11:30:46', 'ahmad.riyadi', '2025-10-13 11:33:21'),
(118, '33', '33.24', 'Kabupaten Kendal', '2025-07-04', 1, 'ahmad.riyadi', '2025-10-13 11:30:46', 'ahmad.riyadi', '2025-10-13 11:33:21'),
(119, '33', '33.10', 'Kabupaten Klaten', '2025-07-04', 1, 'ahmad.riyadi', '2025-10-13 11:30:46', 'ahmad.riyadi', '2025-10-13 11:33:21'),
(120, '33', '33.19', 'Kabupaten Kudus', '2025-07-04', 1, 'ahmad.riyadi', '2025-10-13 11:30:46', 'ahmad.riyadi', '2025-10-13 11:33:21'),
(121, '33', '33.08', 'Kabupaten Magelang', '2025-07-04', 1, 'ahmad.riyadi', '2025-10-13 11:30:46', 'ahmad.riyadi', '2025-10-13 11:33:21'),
(122, '33', '33.18', 'Kabupaten Pati', '2025-07-04', 1, 'ahmad.riyadi', '2025-10-13 11:30:46', 'ahmad.riyadi', '2025-10-13 11:33:21'),
(123, '33', '33.26', 'Kabupaten Pekalongan', '2025-07-04', 1, 'ahmad.riyadi', '2025-10-13 11:30:46', 'ahmad.riyadi', '2025-10-13 11:33:21'),
(124, '33', '33.27', 'Kabupaten Pemalang', '2025-07-04', 1, 'ahmad.riyadi', '2025-10-13 11:30:46', 'ahmad.riyadi', '2025-10-13 11:33:21'),
(125, '33', '33.03', 'Kabupaten Purbalingga', '2025-07-04', 1, 'ahmad.riyadi', '2025-10-13 11:30:46', 'ahmad.riyadi', '2025-10-13 11:33:21'),
(126, '33', '33.06', 'Kabupaten Purworejo', '2025-07-04', 1, 'ahmad.riyadi', '2025-10-13 11:30:46', 'ahmad.riyadi', '2025-10-13 11:33:21'),
(127, '33', '33.17', 'Kabupaten Rembang', '2025-07-04', 1, 'ahmad.riyadi', '2025-10-13 11:30:46', 'ahmad.riyadi', '2025-10-13 11:33:21'),
(128, '33', '33.22', 'Kabupaten Semarang', '2025-07-04', 1, 'ahmad.riyadi', '2025-10-13 11:30:46', 'ahmad.riyadi', '2025-10-13 11:33:21'),
(129, '33', '33.14', 'Kabupaten Sragen', '2025-07-04', 1, 'ahmad.riyadi', '2025-10-13 11:30:46', 'ahmad.riyadi', '2025-10-13 11:33:21'),
(130, '33', '33.11', 'Kabupaten Sukoharjo', '2025-07-04', 1, 'ahmad.riyadi', '2025-10-13 11:30:46', 'ahmad.riyadi', '2025-10-13 11:33:21'),
(131, '33', '33.28', 'Kabupaten Tegal', '2025-07-04', 1, 'ahmad.riyadi', '2025-10-13 11:30:46', 'ahmad.riyadi', '2025-10-13 11:33:21'),
(132, '33', '33.23', 'Kabupaten Temanggung', '2025-07-04', 1, 'ahmad.riyadi', '2025-10-13 11:30:46', 'ahmad.riyadi', '2025-10-13 11:33:21'),
(133, '33', '33.12', 'Kabupaten Wonogiri', '2025-07-04', 1, 'ahmad.riyadi', '2025-10-13 11:30:46', 'ahmad.riyadi', '2025-10-13 11:33:21'),
(134, '33', '33.07', 'Kabupaten Wonosobo', '2025-07-04', 1, 'ahmad.riyadi', '2025-10-13 11:30:46', 'ahmad.riyadi', '2025-10-13 11:33:21'),
(135, '33', '33.71', 'Kota Magelang', '2025-07-04', 1, 'ahmad.riyadi', '2025-10-13 11:30:46', 'ahmad.riyadi', '2025-10-13 11:33:21'),
(136, '33', '33.75', 'Kota Pekalongan', '2025-07-04', 1, 'ahmad.riyadi', '2025-10-13 11:30:46', 'ahmad.riyadi', '2025-10-13 11:33:21'),
(137, '33', '33.73', 'Kota Salatiga', '2025-07-04', 1, 'ahmad.riyadi', '2025-10-13 11:30:46', 'ahmad.riyadi', '2025-10-13 11:33:21'),
(138, '33', '33.74', 'Kota Semarang', '2025-07-04', 1, 'ahmad.riyadi', '2025-10-13 11:30:46', 'ahmad.riyadi', '2025-10-13 11:33:21'),
(139, '33', '33.72', 'Kota Surakarta', '2025-07-04', 1, 'ahmad.riyadi', '2025-10-13 11:30:46', 'ahmad.riyadi', '2025-10-13 11:33:21'),
(140, '33', '33.76', 'Kota Tegal', '2025-07-04', 1, 'ahmad.riyadi', '2025-10-13 11:30:46', 'ahmad.riyadi', '2025-10-13 11:33:21'),
(141, '35', '35.26', 'Kabupaten Bangkalan', '2025-07-04', 1, 'ahmad.riyadi', '2025-10-13 11:30:46', 'ahmad.riyadi', '2025-10-13 11:33:21'),
(142, '35', '35.10', 'Kabupaten Banyuwangi', '2025-07-04', 1, 'ahmad.riyadi', '2025-10-13 11:30:46', 'ahmad.riyadi', '2025-10-13 11:33:21'),
(143, '35', '35.05', 'Kabupaten Blitar', '2025-07-04', 1, 'ahmad.riyadi', '2025-10-13 11:30:46', 'ahmad.riyadi', '2025-10-13 11:33:21'),
(144, '35', '35.22', 'Kabupaten Bojonegoro', '2025-07-04', 1, 'ahmad.riyadi', '2025-10-13 11:30:46', 'ahmad.riyadi', '2025-10-13 11:33:21'),
(145, '35', '35.11', 'Kabupaten Bondowoso', '2025-07-04', 1, 'ahmad.riyadi', '2025-10-13 11:30:46', 'ahmad.riyadi', '2025-10-13 11:33:21'),
(146, '35', '35.25', 'Kabupaten Gresik', '2025-07-04', 1, 'ahmad.riyadi', '2025-10-13 11:30:46', 'ahmad.riyadi', '2025-10-13 11:33:21'),
(147, '35', '35.09', 'Kabupaten Jember', '2025-07-04', 1, 'ahmad.riyadi', '2025-10-13 11:30:46', 'ahmad.riyadi', '2025-10-13 11:33:21'),
(148, '35', '35.17', 'Kabupaten Jombang', '2025-07-04', 1, 'ahmad.riyadi', '2025-10-13 11:30:46', 'ahmad.riyadi', '2025-10-13 11:33:21'),
(149, '35', '35.06', 'Kabupaten Kediri', '2025-07-04', 1, 'ahmad.riyadi', '2025-10-13 11:30:46', 'ahmad.riyadi', '2025-10-13 11:33:21'),
(150, '35', '35.24', 'Kabupaten Lamongan', '2025-07-04', 1, 'ahmad.riyadi', '2025-10-13 11:30:46', 'ahmad.riyadi', '2025-10-13 11:33:21'),
(151, '35', '35.08', 'Kabupaten Lumajang', '2025-07-04', 1, 'ahmad.riyadi', '2025-10-13 11:30:46', 'ahmad.riyadi', '2025-10-13 11:33:21'),
(152, '35', '35.19', 'Kabupaten Madiun', '2025-07-04', 1, 'ahmad.riyadi', '2025-10-13 11:30:46', 'ahmad.riyadi', '2025-10-13 11:33:21'),
(153, '35', '35.20', 'Kabupaten Magetan', '2025-07-04', 1, 'ahmad.riyadi', '2025-10-13 11:30:46', 'ahmad.riyadi', '2025-10-13 11:33:21'),
(154, '35', '35.07', 'Kabupaten Malang', '2025-07-04', 1, 'ahmad.riyadi', '2025-10-13 11:30:46', 'ahmad.riyadi', '2025-10-13 11:33:21'),
(155, '35', '35.16', 'Kabupaten Mojokerto', '2025-07-04', 1, 'ahmad.riyadi', '2025-10-13 11:30:46', 'ahmad.riyadi', '2025-10-13 11:33:21'),
(156, '35', '35.18', 'Kabupaten Nganjuk', '2025-07-04', 1, 'ahmad.riyadi', '2025-10-13 11:30:46', 'ahmad.riyadi', '2025-10-13 11:33:21'),
(157, '35', '35.21', 'Kabupaten Ngawi', '2025-07-04', 1, 'ahmad.riyadi', '2025-10-13 11:30:46', 'ahmad.riyadi', '2025-10-13 11:33:21'),
(158, '35', '35.01', 'Kabupaten Pacitan', '2025-07-04', 1, 'ahmad.riyadi', '2025-10-13 11:30:46', 'ahmad.riyadi', '2025-10-13 11:33:21'),
(159, '35', '35.28', 'Kabupaten Pamekasan', '2025-07-04', 1, 'ahmad.riyadi', '2025-10-13 11:30:46', 'ahmad.riyadi', '2025-10-13 11:33:21'),
(160, '35', '35.14', 'Kabupaten Pasuruan', '2025-07-04', 1, 'ahmad.riyadi', '2025-10-13 11:30:46', 'ahmad.riyadi', '2025-10-13 11:33:21'),
(161, '35', '35.02', 'Kabupaten Ponorogo', '2025-07-04', 1, 'ahmad.riyadi', '2025-10-13 11:30:46', 'ahmad.riyadi', '2025-10-13 11:33:21'),
(162, '35', '35.13', 'Kabupaten Probolinggo', '2025-07-04', 1, 'ahmad.riyadi', '2025-10-13 11:30:46', 'ahmad.riyadi', '2025-10-13 11:33:21'),
(163, '35', '35.27', 'Kabupaten Sampang', '2025-07-04', 1, 'ahmad.riyadi', '2025-10-13 11:30:46', 'ahmad.riyadi', '2025-10-13 11:33:21'),
(164, '35', '35.15', 'Kabupaten Sidoarjo', '2025-07-04', 1, 'ahmad.riyadi', '2025-10-13 11:30:46', 'ahmad.riyadi', '2025-10-13 11:33:21'),
(165, '35', '35.12', 'Kabupaten Situbondo', '2025-07-04', 1, 'ahmad.riyadi', '2025-10-13 11:30:46', 'ahmad.riyadi', '2025-10-13 11:33:21'),
(166, '35', '35.29', 'Kabupaten Sumenep', '2025-07-04', 1, 'ahmad.riyadi', '2025-10-13 11:30:46', 'ahmad.riyadi', '2025-10-13 11:33:21'),
(167, '35', '35.03', 'Kabupaten Trenggalek', '2025-07-04', 1, 'ahmad.riyadi', '2025-10-13 11:30:46', 'ahmad.riyadi', '2025-10-13 11:33:21'),
(168, '35', '35.23', 'Kabupaten Tuban', '2025-07-04', 1, 'ahmad.riyadi', '2025-10-13 11:30:46', 'ahmad.riyadi', '2025-10-13 11:33:21'),
(169, '35', '35.04', 'Kabupaten Tulungagung', '2025-07-04', 1, 'ahmad.riyadi', '2025-10-13 11:30:46', 'ahmad.riyadi', '2025-10-13 11:33:21'),
(170, '35', '35.79', 'Kota Batu', '2025-07-04', 1, 'ahmad.riyadi', '2025-10-13 11:30:46', 'ahmad.riyadi', '2025-10-13 11:33:21'),
(171, '35', '35.72', 'Kota Blitar', '2025-07-04', 1, 'ahmad.riyadi', '2025-10-13 11:30:46', 'ahmad.riyadi', '2025-10-13 11:33:21'),
(172, '35', '35.71', 'Kota Kediri', '2025-07-04', 1, 'ahmad.riyadi', '2025-10-13 11:30:46', 'ahmad.riyadi', '2025-10-13 11:33:21'),
(173, '35', '35.77', 'Kota Madiun', '2025-07-04', 1, 'ahmad.riyadi', '2025-10-13 11:30:46', 'ahmad.riyadi', '2025-10-13 11:33:21'),
(174, '35', '35.73', 'Kota Malang', '2025-07-04', 1, 'ahmad.riyadi', '2025-10-13 11:30:46', 'ahmad.riyadi', '2025-10-13 11:33:21'),
(175, '35', '35.76', 'Kota Mojokerto', '2025-07-04', 1, 'ahmad.riyadi', '2025-10-13 11:30:46', 'ahmad.riyadi', '2025-10-13 11:33:21'),
(176, '35', '35.75', 'Kota Pasuruan', '2025-07-04', 1, 'ahmad.riyadi', '2025-10-13 11:30:46', 'ahmad.riyadi', '2025-10-13 11:33:21'),
(177, '35', '35.74', 'Kota Probolinggo', '2025-07-04', 1, 'ahmad.riyadi', '2025-10-13 11:30:46', 'ahmad.riyadi', '2025-10-13 11:33:21'),
(178, '35', '35.78', 'Kota Surabaya', '2025-07-04', 1, 'ahmad.riyadi', '2025-10-13 11:30:46', 'ahmad.riyadi', '2025-10-13 11:33:21'),
(179, '61', '61.07', 'Kabupaten Bengkayang', '2025-07-04', 1, 'ahmad.riyadi', '2025-10-13 11:30:46', 'ahmad.riyadi', '2025-10-13 11:33:21'),
(180, '61', '61.06', 'Kabupaten Kapuas Hulu', '2025-07-04', 1, 'ahmad.riyadi', '2025-10-13 11:30:46', 'ahmad.riyadi', '2025-10-13 11:33:21'),
(181, '61', '61.11', 'Kabupaten Kayong Utara', '2025-07-04', 1, 'ahmad.riyadi', '2025-10-13 11:30:46', 'ahmad.riyadi', '2025-10-13 11:33:21'),
(182, '61', '61.04', 'Kabupaten Ketapang', '2025-07-04', 1, 'ahmad.riyadi', '2025-10-13 11:30:46', 'ahmad.riyadi', '2025-10-13 11:33:21'),
(183, '61', '61.12', 'Kabupaten Kubu Raya', '2025-07-04', 1, 'ahmad.riyadi', '2025-10-13 11:30:46', 'ahmad.riyadi', '2025-10-13 11:33:21'),
(184, '61', '61.08', 'Kabupaten Landak', '2025-07-04', 1, 'ahmad.riyadi', '2025-10-13 11:30:46', 'ahmad.riyadi', '2025-10-13 11:33:21'),
(185, '61', '61.10', 'Kabupaten Melawi', '2025-07-04', 1, 'ahmad.riyadi', '2025-10-13 11:30:46', 'ahmad.riyadi', '2025-10-13 11:33:21'),
(186, '61', '61.02', 'Kabupaten Mempawah', '2025-07-04', 1, 'ahmad.riyadi', '2025-10-13 11:30:46', 'ahmad.riyadi', '2025-10-13 11:33:21'),
(187, '61', '61.01', 'Kabupaten Sambas', '2025-07-04', 1, 'ahmad.riyadi', '2025-10-13 11:30:46', 'ahmad.riyadi', '2025-10-13 11:33:21'),
(188, '61', '61.03', 'Kabupaten Sanggau', '2025-07-04', 1, 'ahmad.riyadi', '2025-10-13 11:30:46', 'ahmad.riyadi', '2025-10-13 11:33:21'),
(189, '61', '61.09', 'Kabupaten Sekadau', '2025-07-04', 1, 'ahmad.riyadi', '2025-10-13 11:30:46', 'ahmad.riyadi', '2025-10-13 11:33:21'),
(190, '61', '61.05', 'Kabupaten Sintang', '2025-07-04', 1, 'ahmad.riyadi', '2025-10-13 11:30:46', 'ahmad.riyadi', '2025-10-13 11:33:21'),
(191, '61', '61.71', 'Kota Pontianak', '2025-07-04', 1, 'ahmad.riyadi', '2025-10-13 11:30:46', 'ahmad.riyadi', '2025-10-13 11:33:21'),
(192, '61', '61.72', 'Kota Singkawang', '2025-07-04', 1, 'ahmad.riyadi', '2025-10-13 11:30:46', 'ahmad.riyadi', '2025-10-13 11:33:21'),
(193, '63', '63.11', 'Kabupaten Balangan', '2025-07-04', 1, 'ahmad.riyadi', '2025-10-13 11:30:46', 'ahmad.riyadi', '2025-10-13 11:33:21'),
(194, '63', '63.03', 'Kabupaten Banjar', '2025-07-04', 1, 'ahmad.riyadi', '2025-10-13 11:30:46', 'ahmad.riyadi', '2025-10-13 11:33:21'),
(195, '63', '63.04', 'Kabupaten Barito Kuala', '2025-07-04', 1, 'ahmad.riyadi', '2025-10-13 11:30:46', 'ahmad.riyadi', '2025-10-13 11:33:21'),
(196, '63', '63.06', 'Kabupaten Hulu Sungai Selatan', '2025-07-04', 1, 'ahmad.riyadi', '2025-10-13 11:30:46', 'ahmad.riyadi', '2025-10-13 11:33:21'),
(197, '63', '63.07', 'Kabupaten Hulu Sungai Tengah', '2025-07-04', 1, 'ahmad.riyadi', '2025-10-13 11:30:46', 'ahmad.riyadi', '2025-10-13 11:33:21'),
(198, '63', '63.08', 'Kabupaten Hulu Sungai Utara', '2025-07-04', 1, 'ahmad.riyadi', '2025-10-13 11:30:46', 'ahmad.riyadi', '2025-10-13 11:33:21'),
(199, '63', '63.02', 'Kabupaten Kotabaru', '2025-07-04', 1, 'ahmad.riyadi', '2025-10-13 11:30:46', 'ahmad.riyadi', '2025-10-13 11:33:21'),
(200, '63', '63.09', 'Kabupaten Tabalong', '2025-07-04', 1, 'ahmad.riyadi', '2025-10-13 11:30:46', 'ahmad.riyadi', '2025-10-13 11:33:21'),
(201, '63', '63.10', 'Kabupaten Tanah Bumbu', '2025-07-04', 1, 'ahmad.riyadi', '2025-10-13 11:30:46', 'ahmad.riyadi', '2025-10-13 11:33:21'),
(202, '63', '63.01', 'Kabupaten Tanah Laut', '2025-07-04', 1, 'ahmad.riyadi', '2025-10-13 11:30:46', 'ahmad.riyadi', '2025-10-13 11:33:21'),
(203, '63', '63.05', 'Kabupaten Tapin', '2025-07-04', 1, 'ahmad.riyadi', '2025-10-13 11:30:46', 'ahmad.riyadi', '2025-10-13 11:33:21'),
(204, '63', '63.72', 'Kota Banjarbaru', '2025-07-04', 1, 'ahmad.riyadi', '2025-10-13 11:30:46', 'ahmad.riyadi', '2025-10-13 11:33:21'),
(205, '63', '63.71', 'Kota Banjarmasin', '2025-07-04', 1, 'ahmad.riyadi', '2025-10-13 11:30:46', 'ahmad.riyadi', '2025-10-13 11:33:21'),
(206, '62', '62.04', 'Kabupaten Barito Selatan', '2025-07-04', 1, 'ahmad.riyadi', '2025-10-13 11:30:46', 'ahmad.riyadi', '2025-10-13 11:33:21'),
(207, '62', '62.13', 'Kabupaten Barito Timur', '2025-07-04', 1, 'ahmad.riyadi', '2025-10-13 11:30:46', 'ahmad.riyadi', '2025-10-13 11:33:21'),
(208, '62', '62.05', 'Kabupaten Barito Utara', '2025-07-04', 1, 'ahmad.riyadi', '2025-10-13 11:30:46', 'ahmad.riyadi', '2025-10-13 11:33:21'),
(209, '62', '62.10', 'Kabupaten Gunung Mas', '2025-07-04', 1, 'ahmad.riyadi', '2025-10-13 11:30:46', 'ahmad.riyadi', '2025-10-13 11:33:21'),
(210, '62', '62.03', 'Kabupaten Kapuas', '2025-07-04', 1, 'ahmad.riyadi', '2025-10-13 11:30:46', 'ahmad.riyadi', '2025-10-13 11:33:21'),
(211, '62', '62.06', 'Kabupaten Katingan', '2025-07-04', 1, 'ahmad.riyadi', '2025-10-13 11:30:46', 'ahmad.riyadi', '2025-10-13 11:33:21'),
(212, '62', '62.01', 'Kabupaten Kotawaringin Barat', '2025-07-04', 1, 'ahmad.riyadi', '2025-10-13 11:30:46', 'ahmad.riyadi', '2025-10-13 11:33:21'),
(213, '62', '62.02', 'Kabupaten Kotawaringin Timur', '2025-07-04', 1, 'ahmad.riyadi', '2025-10-13 11:30:46', 'ahmad.riyadi', '2025-10-13 11:33:21'),
(214, '62', '62.09', 'Kabupaten Lamandau', '2025-07-04', 1, 'ahmad.riyadi', '2025-10-13 11:30:46', 'ahmad.riyadi', '2025-10-13 11:33:21'),
(215, '62', '62.12', 'Kabupaten Murung Raya', '2025-07-04', 1, 'ahmad.riyadi', '2025-10-13 11:30:46', 'ahmad.riyadi', '2025-10-13 11:33:21'),
(216, '62', '62.11', 'Kabupaten Pulang Pisau', '2025-07-04', 1, 'ahmad.riyadi', '2025-10-13 11:30:46', 'ahmad.riyadi', '2025-10-13 11:33:21'),
(217, '62', '62.07', 'Kabupaten Seruyan', '2025-07-04', 1, 'ahmad.riyadi', '2025-10-13 11:30:46', 'ahmad.riyadi', '2025-10-13 11:33:21'),
(218, '62', '62.08', 'Kabupaten Sukamara', '2025-07-04', 1, 'ahmad.riyadi', '2025-10-13 11:30:46', 'ahmad.riyadi', '2025-10-13 11:33:21'),
(219, '62', '62.71', 'Kota Palangkaraya', '2025-07-04', 1, 'ahmad.riyadi', '2025-10-13 11:30:46', 'ahmad.riyadi', '2025-10-13 11:33:21'),
(220, '64', '64.03', 'Kabupaten Berau', '2025-07-04', 1, 'ahmad.riyadi', '2025-10-13 11:30:46', 'ahmad.riyadi', '2025-10-13 11:33:21'),
(221, '64', '64.07', 'Kabupaten Kutai Barat', '2025-07-04', 1, 'ahmad.riyadi', '2025-10-13 11:30:46', 'ahmad.riyadi', '2025-10-13 11:33:21'),
(222, '64', '64.02', 'Kabupaten Kutai Kartanegara', '2025-07-04', 1, 'ahmad.riyadi', '2025-10-13 11:30:46', 'ahmad.riyadi', '2025-10-13 11:33:21'),
(223, '64', '64.08', 'Kabupaten Kutai Timur', '2025-07-04', 1, 'ahmad.riyadi', '2025-10-13 11:30:46', 'ahmad.riyadi', '2025-10-13 11:33:21'),
(224, '64', '64.11', 'Kabupaten Mahakam Ulu', '2025-07-04', 1, 'ahmad.riyadi', '2025-10-13 11:30:46', 'ahmad.riyadi', '2025-10-13 11:33:21'),
(225, '64', '64.01', 'Kabupaten Paser', '2025-07-04', 1, 'ahmad.riyadi', '2025-10-13 11:30:46', 'ahmad.riyadi', '2025-10-13 11:33:21'),
(226, '64', '64.09', 'Kabupaten Penajam Paser Utara', '2025-07-04', 1, 'ahmad.riyadi', '2025-10-13 11:30:46', 'ahmad.riyadi', '2025-10-13 11:33:21'),
(227, '64', '64.71', 'Kota Balikpapan', '2025-07-04', 1, 'ahmad.riyadi', '2025-10-13 11:30:46', 'ahmad.riyadi', '2025-10-13 11:33:21'),
(228, '64', '64.74', 'Kota Bontang', '2025-07-04', 1, 'ahmad.riyadi', '2025-10-13 11:30:46', 'ahmad.riyadi', '2025-10-13 11:33:21'),
(229, '64', '64.72', 'Kota Samarinda', '2025-07-04', 1, 'ahmad.riyadi', '2025-10-13 11:30:46', 'ahmad.riyadi', '2025-10-13 11:33:21'),
(230, '65', '65.01', 'Kabupaten Bulungan', '2025-07-04', 1, 'ahmad.riyadi', '2025-10-13 11:30:46', 'ahmad.riyadi', '2025-10-13 11:33:21'),
(231, '65', '65.02', 'Kabupaten Malinau', '2025-07-04', 1, 'ahmad.riyadi', '2025-10-13 11:30:46', 'ahmad.riyadi', '2025-10-13 11:33:21'),
(232, '65', '65.03', 'Kabupaten Nunukan', '2025-07-04', 1, 'ahmad.riyadi', '2025-10-13 11:30:46', 'ahmad.riyadi', '2025-10-13 11:33:21'),
(233, '65', '65.04', 'Kabupaten Tana Tidung', '2025-07-04', 1, 'ahmad.riyadi', '2025-10-13 11:30:46', 'ahmad.riyadi', '2025-10-13 11:33:21'),
(234, '65', '65.71', 'Kota Tarakan', '2025-07-04', 1, 'ahmad.riyadi', '2025-10-13 11:30:46', 'ahmad.riyadi', '2025-10-13 11:33:21'),
(235, '19', '19.01', 'Kabupaten Bangka', '2025-07-04', 1, 'ahmad.riyadi', '2025-10-13 11:30:46', 'ahmad.riyadi', '2025-10-13 11:33:22'),
(236, '19', '19.05', 'Kabupaten Bangka Barat', '2025-07-04', 1, 'ahmad.riyadi', '2025-10-13 11:30:46', 'ahmad.riyadi', '2025-10-13 11:33:22'),
(237, '19', '19.03', 'Kabupaten Bangka Selatan', '2025-07-04', 1, 'ahmad.riyadi', '2025-10-13 11:30:46', 'ahmad.riyadi', '2025-10-13 11:33:22'),
(238, '19', '19.04', 'Kabupaten Bangka Tengah', '2025-07-04', 1, 'ahmad.riyadi', '2025-10-13 11:30:46', 'ahmad.riyadi', '2025-10-13 11:33:22'),
(239, '19', '19.02', 'Kabupaten Belitung', '2025-07-04', 1, 'ahmad.riyadi', '2025-10-13 11:30:46', 'ahmad.riyadi', '2025-10-13 11:33:22'),
(240, '19', '19.06', 'Kabupaten Belitung Timur', '2025-07-04', 1, 'ahmad.riyadi', '2025-10-13 11:30:46', 'ahmad.riyadi', '2025-10-13 11:33:22'),
(241, '19', '19.71', 'Kota Pangkal Pinang', '2025-07-04', 1, 'ahmad.riyadi', '2025-10-13 11:30:46', 'ahmad.riyadi', '2025-10-13 11:33:22'),
(242, '21', '21.01', 'Kabupaten Bintan', '2025-07-04', 1, 'ahmad.riyadi', '2025-10-13 11:30:46', 'ahmad.riyadi', '2025-10-13 11:33:22'),
(243, '21', '21.02', 'Kabupaten Karimun', '2025-07-04', 1, 'ahmad.riyadi', '2025-10-13 11:30:46', 'ahmad.riyadi', '2025-10-13 11:33:22'),
(244, '21', '21.05', 'Kabupaten Kepulauan Anambas', '2025-07-04', 1, 'ahmad.riyadi', '2025-10-13 11:30:46', 'ahmad.riyadi', '2025-10-13 11:33:22'),
(245, '21', '21.04', 'Kabupaten Lingga', '2025-07-04', 1, 'ahmad.riyadi', '2025-10-13 11:30:46', 'ahmad.riyadi', '2025-10-13 11:33:22'),
(246, '21', '21.03', 'Kabupaten Natuna', '2025-07-04', 1, 'ahmad.riyadi', '2025-10-13 11:30:46', 'ahmad.riyadi', '2025-10-13 11:33:22'),
(247, '21', '21.71', 'Kota Batam', '2025-07-04', 1, 'ahmad.riyadi', '2025-10-13 11:30:46', 'ahmad.riyadi', '2025-10-13 11:33:22'),
(248, '21', '21.72', 'Kota Tanjung Pinang', '2025-07-04', 1, 'ahmad.riyadi', '2025-10-13 11:30:46', 'ahmad.riyadi', '2025-10-13 11:33:22'),
(249, '18', '18.04', 'Kabupaten Lampung Barat', '2025-07-04', 1, 'ahmad.riyadi', '2025-10-13 11:30:46', 'ahmad.riyadi', '2025-10-13 11:33:22'),
(250, '18', '18.01', 'Kabupaten Lampung Selatan', '2025-07-04', 1, 'ahmad.riyadi', '2025-10-13 11:30:46', 'ahmad.riyadi', '2025-10-13 11:33:22'),
(251, '18', '18.02', 'Kabupaten Lampung Tengah', '2025-07-04', 1, 'ahmad.riyadi', '2025-10-13 11:30:46', 'ahmad.riyadi', '2025-10-13 11:33:22'),
(252, '18', '18.07', 'Kabupaten Lampung Timur', '2025-07-04', 1, 'ahmad.riyadi', '2025-10-13 11:30:46', 'ahmad.riyadi', '2025-10-13 11:33:22'),
(253, '18', '18.03', 'Kabupaten Lampung Utara', '2025-07-04', 1, 'ahmad.riyadi', '2025-10-13 11:30:46', 'ahmad.riyadi', '2025-10-13 11:33:22'),
(254, '18', '18.11', 'Kabupaten Mesuji', '2025-07-04', 1, 'ahmad.riyadi', '2025-10-13 11:30:46', 'ahmad.riyadi', '2025-10-13 11:33:22'),
(255, '18', '18.09', 'Kabupaten Pesawaran', '2025-07-04', 1, 'ahmad.riyadi', '2025-10-13 11:30:46', 'ahmad.riyadi', '2025-10-13 11:33:22'),
(256, '18', '18.13', 'Kabupaten Pesisir Barat', '2025-07-04', 1, 'ahmad.riyadi', '2025-10-13 11:30:46', 'ahmad.riyadi', '2025-10-13 11:33:22'),
(257, '18', '18.10', 'Kabupaten Pringsewu', '2025-07-04', 1, 'ahmad.riyadi', '2025-10-13 11:30:46', 'ahmad.riyadi', '2025-10-13 11:33:22'),
(258, '18', '18.06', 'Kabupaten Tanggamus', '2025-07-04', 1, 'ahmad.riyadi', '2025-10-13 11:30:46', 'ahmad.riyadi', '2025-10-13 11:33:22'),
(259, '18', '18.05', 'Kabupaten Tulang Bawang', '2025-07-04', 1, 'ahmad.riyadi', '2025-10-13 11:30:47', 'ahmad.riyadi', '2025-10-13 11:33:22'),
(260, '18', '18.12', 'Kabupaten Tulang Bawang Barat', '2025-07-04', 1, 'ahmad.riyadi', '2025-10-13 11:30:47', 'ahmad.riyadi', '2025-10-13 11:33:22'),
(261, '18', '18.08', 'Kabupaten Way Kanan', '2025-07-04', 1, 'ahmad.riyadi', '2025-10-13 11:30:47', 'ahmad.riyadi', '2025-10-13 11:33:22'),
(262, '18', '18.71', 'Kota Bandar Lampung', '2025-07-04', 1, 'ahmad.riyadi', '2025-10-13 11:30:47', 'ahmad.riyadi', '2025-10-13 11:33:22'),
(263, '18', '18.72', 'Kota Metro', '2025-07-04', 1, 'ahmad.riyadi', '2025-10-13 11:30:47', 'ahmad.riyadi', '2025-10-13 11:33:22'),
(264, '81', '81.04', 'Kabupaten Buru', '2025-07-04', 1, 'ahmad.riyadi', '2025-10-13 11:30:47', 'ahmad.riyadi', '2025-10-13 11:33:22'),
(265, '81', '81.09', 'Kabupaten Buru Selatan', '2025-07-04', 1, 'ahmad.riyadi', '2025-10-13 11:30:47', 'ahmad.riyadi', '2025-10-13 11:33:22'),
(266, '81', '81.07', 'Kabupaten Kepulauan Aru', '2025-07-04', 1, 'ahmad.riyadi', '2025-10-13 11:30:47', 'ahmad.riyadi', '2025-10-13 11:33:22'),
(267, '81', '81.03', 'Kabupaten Kepulauan Tanimbar', '2025-07-04', 1, 'ahmad.riyadi', '2025-10-13 11:30:47', 'ahmad.riyadi', '2025-10-13 11:33:22'),
(268, '81', '81.08', 'Kabupaten Maluku Barat Daya', '2025-07-04', 1, 'ahmad.riyadi', '2025-10-13 11:30:47', 'ahmad.riyadi', '2025-10-13 11:33:22'),
(269, '81', '81.01', 'Kabupaten Maluku Tengah', '2025-07-04', 1, 'ahmad.riyadi', '2025-10-13 11:30:47', 'ahmad.riyadi', '2025-10-13 11:33:22'),
(270, '81', '81.02', 'Kabupaten Maluku Tenggara', '2025-07-04', 1, 'ahmad.riyadi', '2025-10-13 11:30:47', 'ahmad.riyadi', '2025-10-13 11:33:22'),
(271, '81', '81.06', 'Kabupaten Seram Bagian Barat', '2025-07-04', 1, 'ahmad.riyadi', '2025-10-13 11:30:47', 'ahmad.riyadi', '2025-10-13 11:33:22'),
(272, '81', '81.05', 'Kabupaten Seram Bagian Timur', '2025-07-04', 1, 'ahmad.riyadi', '2025-10-13 11:30:47', 'ahmad.riyadi', '2025-10-13 11:33:22'),
(273, '81', '81.71', 'Kota Ambon', '2025-07-04', 1, 'ahmad.riyadi', '2025-10-13 11:30:47', 'ahmad.riyadi', '2025-10-13 11:33:22'),
(274, '81', '81.72', 'Kota Tual', '2025-07-04', 1, 'ahmad.riyadi', '2025-10-13 11:30:47', 'ahmad.riyadi', '2025-10-13 11:33:22'),
(275, '82', '82.01', 'Kabupaten Halmahera Barat', '2025-07-04', 1, 'ahmad.riyadi', '2025-10-13 11:30:47', 'ahmad.riyadi', '2025-10-13 11:33:22'),
(276, '82', '82.04', 'Kabupaten Halmahera Selatan', '2025-07-04', 1, 'ahmad.riyadi', '2025-10-13 11:30:47', 'ahmad.riyadi', '2025-10-13 11:33:22'),
(277, '82', '82.02', 'Kabupaten Halmahera Tengah', '2025-07-04', 1, 'ahmad.riyadi', '2025-10-13 11:30:47', 'ahmad.riyadi', '2025-10-13 11:33:22'),
(278, '82', '82.06', 'Kabupaten Halmahera Timur', '2025-07-04', 1, 'ahmad.riyadi', '2025-10-13 11:30:47', 'ahmad.riyadi', '2025-10-13 11:33:22'),
(279, '82', '82.03', 'Kabupaten Halmahera Utara', '2025-07-04', 1, 'ahmad.riyadi', '2025-10-13 11:30:47', 'ahmad.riyadi', '2025-10-13 11:33:22'),
(280, '82', '82.05', 'Kabupaten Kepulauan Sula', '2025-07-04', 1, 'ahmad.riyadi', '2025-10-13 11:30:47', 'ahmad.riyadi', '2025-10-13 11:33:22'),
(281, '82', '82.07', 'Kabupaten Pulau Morotai', '2025-07-04', 1, 'ahmad.riyadi', '2025-10-13 11:30:47', 'ahmad.riyadi', '2025-10-13 11:33:22'),
(282, '82', '82.08', 'Kabupaten Pulau Taliabu', '2025-07-04', 1, 'ahmad.riyadi', '2025-10-13 11:30:47', 'ahmad.riyadi', '2025-10-13 11:33:22'),
(283, '82', '82.71', 'Kota Ternate', '2025-07-04', 1, 'ahmad.riyadi', '2025-10-13 11:30:47', 'ahmad.riyadi', '2025-10-13 11:33:22'),
(284, '82', '82.72', 'Kota Tidore Kepulauan', '2025-07-04', 1, 'ahmad.riyadi', '2025-10-13 11:30:47', 'ahmad.riyadi', '2025-10-13 11:33:22'),
(285, '52', '52.06', 'Kabupaten Bima', '2025-07-04', 1, 'ahmad.riyadi', '2025-10-13 11:30:47', 'ahmad.riyadi', '2025-10-13 11:33:22'),
(286, '52', '52.05', 'Kabupaten Dompu', '2025-07-04', 1, 'ahmad.riyadi', '2025-10-13 11:30:47', 'ahmad.riyadi', '2025-10-13 11:33:22'),
(287, '52', '52.01', 'Kabupaten Lombok Barat', '2025-07-04', 1, 'ahmad.riyadi', '2025-10-13 11:30:47', 'ahmad.riyadi', '2025-10-13 11:33:22'),
(288, '52', '52.02', 'Kabupaten Lombok Tengah', '2025-07-04', 1, 'ahmad.riyadi', '2025-10-13 11:30:47', 'ahmad.riyadi', '2025-10-13 11:33:22'),
(289, '52', '52.03', 'Kabupaten Lombok Timur', '2025-07-04', 1, 'ahmad.riyadi', '2025-10-13 11:30:47', 'ahmad.riyadi', '2025-10-13 11:33:22'),
(290, '52', '52.08', 'Kabupaten Lombok Utara', '2025-07-04', 1, 'ahmad.riyadi', '2025-10-13 11:30:47', 'ahmad.riyadi', '2025-10-13 11:33:22'),
(291, '52', '52.04', 'Kabupaten Sumbawa', '2025-07-04', 1, 'ahmad.riyadi', '2025-10-13 11:30:47', 'ahmad.riyadi', '2025-10-13 11:33:22'),
(292, '52', '52.07', 'Kabupaten Sumbawa Barat', '2025-07-04', 1, 'ahmad.riyadi', '2025-10-13 11:30:47', 'ahmad.riyadi', '2025-10-13 11:33:22'),
(293, '52', '52.72', 'Kota Bima', '2025-07-04', 1, 'ahmad.riyadi', '2025-10-13 11:30:47', 'ahmad.riyadi', '2025-10-13 11:33:22'),
(294, '52', '52.71', 'Kota Mataram', '2025-07-04', 1, 'ahmad.riyadi', '2025-10-13 11:30:47', 'ahmad.riyadi', '2025-10-13 11:33:22'),
(295, '53', '53.02', 'Kab Timor Tengah Selatan', '2025-07-04', 1, 'ahmad.riyadi', '2025-10-13 11:30:47', 'ahmad.riyadi', '2025-10-13 11:33:22'),
(296, '53', '53.05', 'Kabupaten Alor', '2025-07-04', 1, 'ahmad.riyadi', '2025-10-13 11:30:47', 'ahmad.riyadi', '2025-10-13 11:33:22'),
(297, '53', '53.04', 'Kabupaten Belu', '2025-07-04', 1, 'ahmad.riyadi', '2025-10-13 11:30:47', 'ahmad.riyadi', '2025-10-13 11:33:22'),
(298, '53', '53.08', 'Kabupaten Ende', '2025-07-04', 1, 'ahmad.riyadi', '2025-10-13 11:30:47', 'ahmad.riyadi', '2025-10-13 11:33:22'),
(299, '53', '53.06', 'Kabupaten Flores Timur', '2025-07-04', 1, 'ahmad.riyadi', '2025-10-13 11:30:47', 'ahmad.riyadi', '2025-10-13 11:33:22'),
(300, '53', '53.01', 'Kabupaten Kupang', '2025-07-04', 1, 'ahmad.riyadi', '2025-10-13 11:30:47', 'ahmad.riyadi', '2025-10-13 11:33:22'),
(301, '53', '53.13', 'Kabupaten Lembata', '2025-07-04', 1, 'ahmad.riyadi', '2025-10-13 11:30:47', 'ahmad.riyadi', '2025-10-13 11:33:22'),
(302, '53', '53.21', 'Kabupaten Malaka', '2025-07-04', 1, 'ahmad.riyadi', '2025-10-13 11:30:47', 'ahmad.riyadi', '2025-10-13 11:33:22'),
(303, '53', '53.10', 'Kabupaten Manggarai', '2025-07-04', 1, 'ahmad.riyadi', '2025-10-13 11:30:47', 'ahmad.riyadi', '2025-10-13 11:33:22'),
(304, '53', '53.15', 'Kabupaten Manggarai Barat', '2025-07-04', 1, 'ahmad.riyadi', '2025-10-13 11:30:47', 'ahmad.riyadi', '2025-10-13 11:33:22'),
(305, '53', '53.19', 'Kabupaten Manggarai Timur', '2025-07-04', 1, 'ahmad.riyadi', '2025-10-13 11:30:47', 'ahmad.riyadi', '2025-10-13 11:33:22'),
(306, '53', '53.16', 'Kabupaten Nagekeo', '2025-07-04', 1, 'ahmad.riyadi', '2025-10-13 11:30:47', 'ahmad.riyadi', '2025-10-13 11:33:22'),
(307, '53', '53.09', 'Kabupaten Ngada', '2025-07-04', 1, 'ahmad.riyadi', '2025-10-13 11:30:47', 'ahmad.riyadi', '2025-10-13 11:33:22'),
(308, '53', '53.14', 'Kabupaten Rote Ndao', '2025-07-04', 1, 'ahmad.riyadi', '2025-10-13 11:30:47', 'ahmad.riyadi', '2025-10-13 11:33:22'),
(309, '53', '53.20', 'Kabupaten Sabu Raijua', '2025-07-04', 1, 'ahmad.riyadi', '2025-10-13 11:30:47', 'ahmad.riyadi', '2025-10-13 11:33:22'),
(310, '53', '53.07', 'Kabupaten Sikka', '2025-07-04', 1, 'ahmad.riyadi', '2025-10-13 11:30:47', 'ahmad.riyadi', '2025-10-13 11:33:22'),
(311, '53', '53.12', 'Kabupaten Sumba Barat', '2025-07-04', 1, 'ahmad.riyadi', '2025-10-13 11:30:47', 'ahmad.riyadi', '2025-10-13 11:33:22'),
(312, '53', '53.18', 'Kabupaten Sumba Barat Daya', '2025-07-04', 1, 'ahmad.riyadi', '2025-10-13 11:30:47', 'ahmad.riyadi', '2025-10-13 11:33:22'),
(313, '53', '53.17', 'Kabupaten Sumba Tengah', '2025-07-04', 1, 'ahmad.riyadi', '2025-10-13 11:30:47', 'ahmad.riyadi', '2025-10-13 11:33:22'),
(314, '53', '53.11', 'Kabupaten Sumba Timur', '2025-07-04', 1, 'ahmad.riyadi', '2025-10-13 11:30:47', 'ahmad.riyadi', '2025-10-13 11:33:22'),
(315, '53', '53.03', 'Kabupaten Timor Tengah Utara', '2025-07-04', 1, 'ahmad.riyadi', '2025-10-13 11:30:47', 'ahmad.riyadi', '2025-10-13 11:33:22'),
(316, '53', '53.71', 'Kota Kupang', '2025-07-04', 1, 'ahmad.riyadi', '2025-10-13 11:30:47', 'ahmad.riyadi', '2025-10-13 11:33:22'),
(317, '91', '91.06', 'Kabupaten Biak Numfor', '2025-07-04', 1, 'ahmad.riyadi', '2025-10-13 11:30:47', 'ahmad.riyadi', '2025-10-13 11:33:22'),
(318, '91', '91.03', 'Kabupaten Jayapura', '2025-07-04', 1, 'ahmad.riyadi', '2025-10-13 11:30:47', 'ahmad.riyadi', '2025-10-13 11:33:22'),
(319, '91', '91.11', 'Kabupaten Keerom', '2025-07-04', 1, 'ahmad.riyadi', '2025-10-13 11:30:47', 'ahmad.riyadi', '2025-10-13 11:33:22'),
(320, '91', '91.05', 'Kabupaten Kepulauan Yapen', '2025-07-04', 1, 'ahmad.riyadi', '2025-10-13 11:30:47', 'ahmad.riyadi', '2025-10-13 11:33:22'),
(321, '91', '91.20', 'Kabupaten Mamberamo Raya', '2025-07-04', 1, 'ahmad.riyadi', '2025-10-13 11:30:47', 'ahmad.riyadi', '2025-10-13 11:33:22'),
(322, '91', '91.10', 'Kabupaten Sarmi', '2025-07-04', 1, 'ahmad.riyadi', '2025-10-13 11:30:47', 'ahmad.riyadi', '2025-10-13 11:33:22'),
(323, '91', '91.19', 'Kabupaten Supiori', '2025-07-04', 1, 'ahmad.riyadi', '2025-10-13 11:30:47', 'ahmad.riyadi', '2025-10-13 11:33:22'),
(324, '91', '91.15', 'Kabupaten Waropen', '2025-07-04', 1, 'ahmad.riyadi', '2025-10-13 11:30:47', 'ahmad.riyadi', '2025-10-13 11:33:22'),
(325, '91', '91.71', 'Kota Jayapura', '2025-07-04', 1, 'ahmad.riyadi', '2025-10-13 11:30:47', 'ahmad.riyadi', '2025-10-13 11:33:22'),
(326, '92', '92.03', 'Kabupaten Fak Fak', '2025-07-04', 1, 'ahmad.riyadi', '2025-10-13 11:30:47', 'ahmad.riyadi', '2025-10-13 11:33:22'),
(327, '92', '92.08', 'Kabupaten Kaimana', '2025-07-04', 1, 'ahmad.riyadi', '2025-10-13 11:30:47', 'ahmad.riyadi', '2025-10-13 11:33:22'),
(328, '92', '92.02', 'Kabupaten Manokwari', '2025-07-04', 1, 'ahmad.riyadi', '2025-10-13 11:30:47', 'ahmad.riyadi', '2025-10-13 11:33:22'),
(329, '92', '92.11', 'Kabupaten Manokwari Selatan', '2025-07-04', 1, 'ahmad.riyadi', '2025-10-13 11:30:47', 'ahmad.riyadi', '2025-10-13 11:33:22'),
(330, '92', '92.12', 'Kabupaten Pegunungan Arfak', '2025-07-04', 1, 'ahmad.riyadi', '2025-10-13 11:30:47', 'ahmad.riyadi', '2025-10-13 11:33:22'),
(331, '92', '92.06', 'Kabupaten Teluk Bintuni', '2025-07-04', 1, 'ahmad.riyadi', '2025-10-13 11:30:47', 'ahmad.riyadi', '2025-10-13 11:33:22'),
(332, '92', '92.07', 'Kabupaten Teluk Wondama', '2025-07-04', 1, 'ahmad.riyadi', '2025-10-13 11:30:47', 'ahmad.riyadi', '2025-10-13 11:33:22'),
(333, '96', '96.05', 'Kabupaten Maybrat', '2025-07-04', 1, 'ahmad.riyadi', '2025-10-13 11:30:47', 'ahmad.riyadi', '2025-10-13 11:33:22'),
(334, '96', '96.03', 'Kabupaten Raja Ampat', '2025-07-04', 1, 'ahmad.riyadi', '2025-10-13 11:30:47', 'ahmad.riyadi', '2025-10-13 11:33:22'),
(335, '96', '96.01', 'Kabupaten Sorong', '2025-07-04', 1, 'ahmad.riyadi', '2025-10-13 11:30:47', 'ahmad.riyadi', '2025-10-13 11:33:22'),
(336, '96', '96.02', 'Kabupaten Sorong Selatan', '2025-07-04', 1, 'ahmad.riyadi', '2025-10-13 11:30:47', 'ahmad.riyadi', '2025-10-13 11:33:22'),
(337, '96', '96.04', 'Kabupaten Tambrauw', '2025-07-04', 1, 'ahmad.riyadi', '2025-10-13 11:30:47', 'ahmad.riyadi', '2025-10-13 11:33:22'),
(338, '96', '96.71', 'Kota Sorong', '2025-07-04', 1, 'ahmad.riyadi', '2025-10-13 11:30:47', 'ahmad.riyadi', '2025-10-13 11:33:22'),
(339, '95', '95.02', 'Kab Pegunungan Bintang', '2025-07-04', 1, 'ahmad.riyadi', '2025-10-13 11:30:47', 'ahmad.riyadi', '2025-10-13 11:33:22'),
(340, '95', '95.01', 'Kabupaten Jayawijaya', '2025-07-04', 1, 'ahmad.riyadi', '2025-10-13 11:30:47', 'ahmad.riyadi', '2025-10-13 11:33:22'),
(341, '95', '95.07', 'Kabupaten Lanny Jaya', '2025-07-04', 1, 'ahmad.riyadi', '2025-10-13 11:30:47', 'ahmad.riyadi', '2025-10-13 11:33:22'),
(342, '95', '95.05', 'Kabupaten Mamberamo Tengah', '2025-07-04', 1, 'ahmad.riyadi', '2025-10-13 11:30:47', 'ahmad.riyadi', '2025-10-13 11:33:22'),
(343, '95', '95.08', 'Kabupaten Nduga', '2025-07-04', 1, 'ahmad.riyadi', '2025-10-13 11:30:47', 'ahmad.riyadi', '2025-10-13 11:33:22'),
(344, '95', '95.04', 'Kabupaten Tolikara', '2025-07-04', 1, 'ahmad.riyadi', '2025-10-13 11:30:47', 'ahmad.riyadi', '2025-10-13 11:33:22'),
(345, '95', '95.03', 'Kabupaten Yahukimo', '2025-07-04', 1, 'ahmad.riyadi', '2025-10-13 11:30:47', 'ahmad.riyadi', '2025-10-13 11:33:22'),
(346, '95', '95.06', 'Kabupaten Yalimo', '2025-07-04', 1, 'ahmad.riyadi', '2025-10-13 11:30:47', 'ahmad.riyadi', '2025-10-13 11:33:22'),
(347, '93', '93.04', 'Kabupaten Asmat', '2025-07-04', 1, 'ahmad.riyadi', '2025-10-13 11:30:49', 'ahmad.riyadi', '2025-10-13 11:33:22'),
(348, '93', '93.02', 'Kabupaten Boven Digoel', '2025-07-04', 1, 'ahmad.riyadi', '2025-10-13 11:30:49', 'ahmad.riyadi', '2025-10-13 11:33:22'),
(349, '93', '93.03', 'Kabupaten Mappi', '2025-07-04', 1, 'ahmad.riyadi', '2025-10-13 11:30:49', 'ahmad.riyadi', '2025-10-13 11:33:22'),
(350, '93', '93.01', 'Kabupaten Merauke', '2025-07-04', 1, 'ahmad.riyadi', '2025-10-13 11:30:49', 'ahmad.riyadi', '2025-10-13 11:33:22'),
(351, '94', '94.08', 'Kabupaten Deiyai', '2025-07-04', 1, 'ahmad.riyadi', '2025-10-13 11:30:49', 'ahmad.riyadi', '2025-10-13 11:33:22'),
(352, '94', '94.06', 'Kabupaten Dogiyai', '2025-07-04', 1, 'ahmad.riyadi', '2025-10-13 11:30:49', 'ahmad.riyadi', '2025-10-13 11:33:22'),
(353, '94', '94.07', 'Kabupaten Intan Jaya', '2025-07-04', 1, 'ahmad.riyadi', '2025-10-13 11:30:49', 'ahmad.riyadi', '2025-10-13 11:33:22'),
(354, '94', '94.04', 'Kabupaten Mimika', '2025-07-04', 1, 'ahmad.riyadi', '2025-10-13 11:30:49', 'ahmad.riyadi', '2025-10-13 11:33:22'),
(355, '94', '94.01', 'Kabupaten Nabire', '2025-07-04', 1, 'ahmad.riyadi', '2025-10-13 11:30:49', 'ahmad.riyadi', '2025-10-13 11:33:22'),
(356, '94', '94.03', 'Kabupaten Paniai', '2025-07-04', 1, 'ahmad.riyadi', '2025-10-13 11:30:49', 'ahmad.riyadi', '2025-10-13 11:33:22'),
(357, '94', '94.05', 'Kabupaten Puncak', '2025-07-04', 1, 'ahmad.riyadi', '2025-10-13 11:30:49', 'ahmad.riyadi', '2025-10-13 11:33:22'),
(358, '94', '94.02', 'Kabupaten Puncak Jaya', '2025-07-04', 1, 'ahmad.riyadi', '2025-10-13 11:30:49', 'ahmad.riyadi', '2025-10-13 11:33:22'),
(359, '14', '14.03', 'Kabupaten Bengkalis', '2025-07-04', 1, 'ahmad.riyadi', '2025-10-13 11:30:49', 'ahmad.riyadi', '2025-10-13 11:33:23'),
(360, '14', '14.04', 'Kabupaten Indragiri Hilir', '2025-07-04', 1, 'ahmad.riyadi', '2025-10-13 11:30:49', 'ahmad.riyadi', '2025-10-13 11:33:23'),
(361, '14', '14.02', 'Kabupaten Indragiri Hulu', '2025-07-04', 1, 'ahmad.riyadi', '2025-10-13 11:30:49', 'ahmad.riyadi', '2025-10-13 11:33:23'),
(362, '14', '14.01', 'Kabupaten Kampar', '2025-07-04', 1, 'ahmad.riyadi', '2025-10-13 11:30:49', 'ahmad.riyadi', '2025-10-13 11:33:23');
INSERT INTO `regencies` (`id`, `province_code`, `code`, `name`, `updated_at_api`, `status`, `user_input`, `tanggal_input`, `user_update`, `tanggal_update`) VALUES
(363, '14', '14.10', 'Kabupaten Kepulauan Meranti', '2025-07-04', 1, 'ahmad.riyadi', '2025-10-13 11:30:49', 'ahmad.riyadi', '2025-10-13 11:33:23'),
(364, '14', '14.09', 'Kabupaten Kuantan Singingi', '2025-07-04', 1, 'ahmad.riyadi', '2025-10-13 11:30:49', 'ahmad.riyadi', '2025-10-13 11:33:23'),
(365, '14', '14.05', 'Kabupaten Pelalawan', '2025-07-04', 1, 'ahmad.riyadi', '2025-10-13 11:30:49', 'ahmad.riyadi', '2025-10-13 11:33:23'),
(366, '14', '14.07', 'Kabupaten Rokan Hilir', '2025-07-04', 1, 'ahmad.riyadi', '2025-10-13 11:30:49', 'ahmad.riyadi', '2025-10-13 11:33:23'),
(367, '14', '14.06', 'Kabupaten Rokan Hulu', '2025-07-04', 1, 'ahmad.riyadi', '2025-10-13 11:30:49', 'ahmad.riyadi', '2025-10-13 11:33:23'),
(368, '14', '14.08', 'Kabupaten Siak', '2025-07-04', 1, 'ahmad.riyadi', '2025-10-13 11:30:49', 'ahmad.riyadi', '2025-10-13 11:33:23'),
(369, '14', '14.72', 'Kota Dumai', '2025-07-04', 1, 'ahmad.riyadi', '2025-10-13 11:30:49', 'ahmad.riyadi', '2025-10-13 11:33:23'),
(370, '14', '14.71', 'Kota Pekanbaru', '2025-07-04', 1, 'ahmad.riyadi', '2025-10-13 11:30:49', 'ahmad.riyadi', '2025-10-13 11:33:23'),
(371, '76', '76.05', 'Kabupaten Majene', '2025-07-04', 1, 'ahmad.riyadi', '2025-10-13 11:30:49', 'ahmad.riyadi', '2025-10-13 11:33:23'),
(372, '76', '76.03', 'Kabupaten Mamasa', '2025-07-04', 1, 'ahmad.riyadi', '2025-10-13 11:30:49', 'ahmad.riyadi', '2025-10-13 11:33:23'),
(373, '76', '76.02', 'Kabupaten Mamuju', '2025-07-04', 1, 'ahmad.riyadi', '2025-10-13 11:30:49', 'ahmad.riyadi', '2025-10-13 11:33:23'),
(374, '76', '76.06', 'Kabupaten Mamuju Tengah', '2025-07-04', 1, 'ahmad.riyadi', '2025-10-13 11:30:49', 'ahmad.riyadi', '2025-10-13 11:33:23'),
(375, '76', '76.01', 'Kabupaten Pasangkayu', '2025-07-04', 1, 'ahmad.riyadi', '2025-10-13 11:30:49', 'ahmad.riyadi', '2025-10-13 11:33:23'),
(376, '76', '76.04', 'Kabupaten Polewali Mandar', '2025-07-04', 1, 'ahmad.riyadi', '2025-10-13 11:30:49', 'ahmad.riyadi', '2025-10-13 11:33:23'),
(377, '73', '73.03', 'Kabupaten Bantaeng', '2025-07-04', 1, 'ahmad.riyadi', '2025-10-13 11:30:49', 'ahmad.riyadi', '2025-10-13 11:33:23'),
(378, '73', '73.11', 'Kabupaten Barru', '2025-07-04', 1, 'ahmad.riyadi', '2025-10-13 11:30:49', 'ahmad.riyadi', '2025-10-13 11:33:23'),
(379, '73', '73.08', 'Kabupaten Bone', '2025-07-04', 1, 'ahmad.riyadi', '2025-10-13 11:30:49', 'ahmad.riyadi', '2025-10-13 11:33:23'),
(380, '73', '73.02', 'Kabupaten Bulukumba', '2025-07-04', 1, 'ahmad.riyadi', '2025-10-13 11:30:49', 'ahmad.riyadi', '2025-10-13 11:33:23'),
(381, '73', '73.16', 'Kabupaten Enrekang', '2025-07-04', 1, 'ahmad.riyadi', '2025-10-13 11:30:49', 'ahmad.riyadi', '2025-10-13 11:33:23'),
(382, '73', '73.06', 'Kabupaten Gowa', '2025-07-04', 1, 'ahmad.riyadi', '2025-10-13 11:30:49', 'ahmad.riyadi', '2025-10-13 11:33:23'),
(383, '73', '73.04', 'Kabupaten Jeneponto', '2025-07-04', 1, 'ahmad.riyadi', '2025-10-13 11:30:49', 'ahmad.riyadi', '2025-10-13 11:33:23'),
(384, '73', '73.01', 'Kabupaten Kepulauan Selayar', '2025-07-04', 1, 'ahmad.riyadi', '2025-10-13 11:30:49', 'ahmad.riyadi', '2025-10-13 11:33:23'),
(385, '73', '73.17', 'Kabupaten Luwu', '2025-07-04', 1, 'ahmad.riyadi', '2025-10-13 11:30:49', 'ahmad.riyadi', '2025-10-13 11:33:23'),
(386, '73', '73.24', 'Kabupaten Luwu Timur', '2025-07-04', 1, 'ahmad.riyadi', '2025-10-13 11:30:49', 'ahmad.riyadi', '2025-10-13 11:33:23'),
(387, '73', '73.22', 'Kabupaten Luwu Utara', '2025-07-04', 1, 'ahmad.riyadi', '2025-10-13 11:30:49', 'ahmad.riyadi', '2025-10-13 11:33:23'),
(388, '73', '73.09', 'Kabupaten Maros', '2025-07-04', 1, 'ahmad.riyadi', '2025-10-13 11:30:49', 'ahmad.riyadi', '2025-10-13 11:33:23'),
(389, '73', '73.10', 'Kabupaten Pangkajene dan Kepulauan', '2025-07-04', 1, 'ahmad.riyadi', '2025-10-13 11:30:49', 'ahmad.riyadi', '2025-10-13 11:33:23'),
(390, '73', '73.15', 'Kabupaten Pinrang', '2025-07-04', 1, 'ahmad.riyadi', '2025-10-13 11:30:49', 'ahmad.riyadi', '2025-10-13 11:33:23'),
(391, '73', '73.14', 'Kabupaten Sidenreng Rappang', '2025-07-04', 1, 'ahmad.riyadi', '2025-10-13 11:30:49', 'ahmad.riyadi', '2025-10-13 11:33:23'),
(392, '73', '73.07', 'Kabupaten Sinjai', '2025-07-04', 1, 'ahmad.riyadi', '2025-10-13 11:30:49', 'ahmad.riyadi', '2025-10-13 11:33:23'),
(393, '73', '73.12', 'Kabupaten Soppeng', '2025-07-04', 1, 'ahmad.riyadi', '2025-10-13 11:30:49', 'ahmad.riyadi', '2025-10-13 11:33:23'),
(394, '73', '73.05', 'Kabupaten Takalar', '2025-07-04', 1, 'ahmad.riyadi', '2025-10-13 11:30:49', 'ahmad.riyadi', '2025-10-13 11:33:23'),
(395, '73', '73.18', 'Kabupaten Tana Toraja', '2025-07-04', 1, 'ahmad.riyadi', '2025-10-13 11:30:49', 'ahmad.riyadi', '2025-10-13 11:33:23'),
(396, '73', '73.26', 'Kabupaten Toraja Utara', '2025-07-04', 1, 'ahmad.riyadi', '2025-10-13 11:30:49', 'ahmad.riyadi', '2025-10-13 11:33:23'),
(397, '73', '73.13', 'Kabupaten Wajo', '2025-07-04', 1, 'ahmad.riyadi', '2025-10-13 11:30:49', 'ahmad.riyadi', '2025-10-13 11:33:23'),
(398, '73', '73.71', 'Kota Makassar', '2025-07-04', 1, 'ahmad.riyadi', '2025-10-13 11:30:49', 'ahmad.riyadi', '2025-10-13 11:33:23'),
(399, '73', '73.73', 'Kota Palopo', '2025-07-04', 1, 'ahmad.riyadi', '2025-10-13 11:30:49', 'ahmad.riyadi', '2025-10-13 11:33:23'),
(400, '73', '73.72', 'Kota Parepare', '2025-07-04', 1, 'ahmad.riyadi', '2025-10-13 11:30:49', 'ahmad.riyadi', '2025-10-13 11:33:23'),
(401, '72', '72.01', 'Kabupaten Banggai', '2025-07-04', 1, 'ahmad.riyadi', '2025-10-13 11:30:49', 'ahmad.riyadi', '2025-10-13 11:33:23'),
(402, '72', '72.07', 'Kabupaten Banggai Kepulauan', '2025-07-04', 1, 'ahmad.riyadi', '2025-10-13 11:30:49', 'ahmad.riyadi', '2025-10-13 11:33:23'),
(403, '72', '72.11', 'Kabupaten Banggai Laut', '2025-07-04', 1, 'ahmad.riyadi', '2025-10-13 11:30:49', 'ahmad.riyadi', '2025-10-13 11:33:23'),
(404, '72', '72.05', 'Kabupaten Buol', '2025-07-04', 1, 'ahmad.riyadi', '2025-10-13 11:30:49', 'ahmad.riyadi', '2025-10-13 11:33:23'),
(405, '72', '72.03', 'Kabupaten Donggala', '2025-07-04', 1, 'ahmad.riyadi', '2025-10-13 11:30:49', 'ahmad.riyadi', '2025-10-13 11:33:23'),
(406, '72', '72.06', 'Kabupaten Morowali', '2025-07-04', 1, 'ahmad.riyadi', '2025-10-13 11:30:49', 'ahmad.riyadi', '2025-10-13 11:33:23'),
(407, '72', '72.12', 'Kabupaten Morowali Utara', '2025-07-04', 1, 'ahmad.riyadi', '2025-10-13 11:30:49', 'ahmad.riyadi', '2025-10-13 11:33:23'),
(408, '72', '72.08', 'Kabupaten Parigi Moutong', '2025-07-04', 1, 'ahmad.riyadi', '2025-10-13 11:30:49', 'ahmad.riyadi', '2025-10-13 11:33:23'),
(409, '72', '72.02', 'Kabupaten Poso', '2025-07-04', 1, 'ahmad.riyadi', '2025-10-13 11:30:49', 'ahmad.riyadi', '2025-10-13 11:33:23'),
(410, '72', '72.10', 'Kabupaten Sigi', '2025-07-04', 1, 'ahmad.riyadi', '2025-10-13 11:30:49', 'ahmad.riyadi', '2025-10-13 11:33:23'),
(411, '72', '72.09', 'Kabupaten Tojo Una Una', '2025-07-04', 1, 'ahmad.riyadi', '2025-10-13 11:30:49', 'ahmad.riyadi', '2025-10-13 11:33:23'),
(412, '72', '72.04', 'Kabupaten Toli-Toli', '2025-07-04', 1, 'ahmad.riyadi', '2025-10-13 11:30:49', 'ahmad.riyadi', '2025-10-13 11:33:23'),
(413, '72', '72.71', 'Kota Palu', '2025-07-04', 1, 'ahmad.riyadi', '2025-10-13 11:30:49', 'ahmad.riyadi', '2025-10-13 11:33:23'),
(414, '74', '74.06', 'Kabupaten Bombana', '2025-07-04', 1, 'ahmad.riyadi', '2025-10-13 11:30:50', 'ahmad.riyadi', '2025-10-13 11:33:23'),
(415, '74', '74.04', 'Kabupaten Buton', '2025-07-04', 1, 'ahmad.riyadi', '2025-10-13 11:30:50', 'ahmad.riyadi', '2025-10-13 11:33:23'),
(416, '74', '74.15', 'Kabupaten Buton Selatan', '2025-07-04', 1, 'ahmad.riyadi', '2025-10-13 11:30:50', 'ahmad.riyadi', '2025-10-13 11:33:23'),
(417, '74', '74.14', 'Kabupaten Buton Tengah', '2025-07-04', 1, 'ahmad.riyadi', '2025-10-13 11:30:50', 'ahmad.riyadi', '2025-10-13 11:33:23'),
(418, '74', '74.10', 'Kabupaten Buton Utara', '2025-07-04', 1, 'ahmad.riyadi', '2025-10-13 11:30:50', 'ahmad.riyadi', '2025-10-13 11:33:23'),
(419, '74', '74.01', 'Kabupaten Kolaka', '2025-07-04', 1, 'ahmad.riyadi', '2025-10-13 11:30:50', 'ahmad.riyadi', '2025-10-13 11:33:23'),
(420, '74', '74.11', 'Kabupaten Kolaka Timur', '2025-07-04', 1, 'ahmad.riyadi', '2025-10-13 11:30:50', 'ahmad.riyadi', '2025-10-13 11:33:23'),
(421, '74', '74.08', 'Kabupaten Kolaka Utara', '2025-07-04', 1, 'ahmad.riyadi', '2025-10-13 11:30:50', 'ahmad.riyadi', '2025-10-13 11:33:23'),
(422, '74', '74.02', 'Kabupaten Konawe', '2025-07-04', 1, 'ahmad.riyadi', '2025-10-13 11:30:50', 'ahmad.riyadi', '2025-10-13 11:33:23'),
(423, '74', '74.12', 'Kabupaten Konawe Kepulauan', '2025-07-04', 1, 'ahmad.riyadi', '2025-10-13 11:30:50', 'ahmad.riyadi', '2025-10-13 11:33:23'),
(424, '74', '74.05', 'Kabupaten Konawe Selatan', '2025-07-04', 1, 'ahmad.riyadi', '2025-10-13 11:30:50', 'ahmad.riyadi', '2025-10-13 11:33:23'),
(425, '74', '74.09', 'Kabupaten Konawe Utara', '2025-07-04', 1, 'ahmad.riyadi', '2025-10-13 11:30:50', 'ahmad.riyadi', '2025-10-13 11:33:23'),
(426, '74', '74.03', 'Kabupaten Muna', '2025-07-04', 1, 'ahmad.riyadi', '2025-10-13 11:30:50', 'ahmad.riyadi', '2025-10-13 11:33:23'),
(427, '74', '74.13', 'Kabupaten Muna Barat', '2025-07-04', 1, 'ahmad.riyadi', '2025-10-13 11:30:50', 'ahmad.riyadi', '2025-10-13 11:33:23'),
(428, '74', '74.07', 'Kabupaten Wakatobi', '2025-07-04', 1, 'ahmad.riyadi', '2025-10-13 11:30:50', 'ahmad.riyadi', '2025-10-13 11:33:23'),
(429, '74', '74.72', 'Kota Bau Bau', '2025-07-04', 1, 'ahmad.riyadi', '2025-10-13 11:30:50', 'ahmad.riyadi', '2025-10-13 11:33:23'),
(430, '74', '74.71', 'Kota Kendari', '2025-07-04', 1, 'ahmad.riyadi', '2025-10-13 11:30:50', 'ahmad.riyadi', '2025-10-13 11:33:23'),
(431, '71', '71.01', 'Kabupaten Bolaang Mongondow', '2025-07-04', 1, 'ahmad.riyadi', '2025-10-13 11:30:50', 'ahmad.riyadi', '2025-10-13 11:33:23'),
(432, '71', '71.11', 'Kabupaten Bolaang Mongondow Selatan', '2025-07-04', 1, 'ahmad.riyadi', '2025-10-13 11:30:50', 'ahmad.riyadi', '2025-10-13 11:33:23'),
(433, '71', '71.10', 'Kabupaten Bolaang Mongondow Timur', '2025-07-04', 1, 'ahmad.riyadi', '2025-10-13 11:30:50', 'ahmad.riyadi', '2025-10-13 11:33:23'),
(434, '71', '71.08', 'Kabupaten Bolaang Mongondow Utara', '2025-07-04', 1, 'ahmad.riyadi', '2025-10-13 11:30:50', 'ahmad.riyadi', '2025-10-13 11:33:23'),
(435, '71', '71.09', 'Kabupaten Kep. Siau Tagulandang Biaro', '2025-07-04', 1, 'ahmad.riyadi', '2025-10-13 11:30:50', 'ahmad.riyadi', '2025-10-13 11:33:23'),
(436, '71', '71.03', 'Kabupaten Kepulauan Sangihe', '2025-07-04', 1, 'ahmad.riyadi', '2025-10-13 11:30:50', 'ahmad.riyadi', '2025-10-13 11:33:23'),
(437, '71', '71.04', 'Kabupaten Kepulauan Talaud', '2025-07-04', 1, 'ahmad.riyadi', '2025-10-13 11:30:50', 'ahmad.riyadi', '2025-10-13 11:33:23'),
(438, '71', '71.02', 'Kabupaten Minahasa', '2025-07-04', 1, 'ahmad.riyadi', '2025-10-13 11:30:50', 'ahmad.riyadi', '2025-10-13 11:33:23'),
(439, '71', '71.05', 'Kabupaten Minahasa Selatan', '2025-07-04', 1, 'ahmad.riyadi', '2025-10-13 11:30:50', 'ahmad.riyadi', '2025-10-13 11:33:23'),
(440, '71', '71.07', 'Kabupaten Minahasa Tenggara', '2025-07-04', 1, 'ahmad.riyadi', '2025-10-13 11:30:50', 'ahmad.riyadi', '2025-10-13 11:33:23'),
(441, '71', '71.06', 'Kabupaten Minahasa Utara', '2025-07-04', 1, 'ahmad.riyadi', '2025-10-13 11:30:50', 'ahmad.riyadi', '2025-10-13 11:33:23'),
(442, '71', '71.72', 'Kota Bitung', '2025-07-04', 1, 'ahmad.riyadi', '2025-10-13 11:30:50', 'ahmad.riyadi', '2025-10-13 11:33:23'),
(443, '71', '71.74', 'Kota Kotamobagu', '2025-07-04', 1, 'ahmad.riyadi', '2025-10-13 11:30:50', 'ahmad.riyadi', '2025-10-13 11:33:23'),
(444, '71', '71.71', 'Kota Manado', '2025-07-04', 1, 'ahmad.riyadi', '2025-10-13 11:30:50', 'ahmad.riyadi', '2025-10-13 11:33:23'),
(445, '71', '71.73', 'Kota Tomohon', '2025-07-04', 1, 'ahmad.riyadi', '2025-10-13 11:30:50', 'ahmad.riyadi', '2025-10-13 11:33:23'),
(446, '13', '13.06', 'Kabupaten Agam', '2025-07-04', 1, 'ahmad.riyadi', '2025-10-13 11:30:50', 'ahmad.riyadi', '2025-10-13 11:33:23'),
(447, '13', '13.10', 'Kabupaten Dharmasraya', '2025-07-04', 1, 'ahmad.riyadi', '2025-10-13 11:30:50', 'ahmad.riyadi', '2025-10-13 11:33:23'),
(448, '13', '13.09', 'Kabupaten Kepulauan Mentawai', '2025-07-04', 1, 'ahmad.riyadi', '2025-10-13 11:30:50', 'ahmad.riyadi', '2025-10-13 11:33:23'),
(449, '13', '13.07', 'Kabupaten Lima Puluh Kota', '2025-07-04', 1, 'ahmad.riyadi', '2025-10-13 11:30:50', 'ahmad.riyadi', '2025-10-13 11:33:23'),
(450, '13', '13.05', 'Kabupaten Padang Pariaman', '2025-07-04', 1, 'ahmad.riyadi', '2025-10-13 11:30:50', 'ahmad.riyadi', '2025-10-13 11:33:23'),
(451, '13', '13.08', 'Kabupaten Pasaman', '2025-07-04', 1, 'ahmad.riyadi', '2025-10-13 11:30:50', 'ahmad.riyadi', '2025-10-13 11:33:23'),
(452, '13', '13.12', 'Kabupaten Pasaman Barat', '2025-07-04', 1, 'ahmad.riyadi', '2025-10-13 11:30:50', 'ahmad.riyadi', '2025-10-13 11:33:23'),
(453, '13', '13.01', 'Kabupaten Pesisir Selatan', '2025-07-04', 1, 'ahmad.riyadi', '2025-10-13 11:30:50', 'ahmad.riyadi', '2025-10-13 11:33:23'),
(454, '13', '13.03', 'Kabupaten Sijunjung', '2025-07-04', 1, 'ahmad.riyadi', '2025-10-13 11:30:50', 'ahmad.riyadi', '2025-10-13 11:33:23'),
(455, '13', '13.02', 'Kabupaten Solok', '2025-07-04', 1, 'ahmad.riyadi', '2025-10-13 11:30:50', 'ahmad.riyadi', '2025-10-13 11:33:23'),
(456, '13', '13.11', 'Kabupaten Solok Selatan', '2025-07-04', 1, 'ahmad.riyadi', '2025-10-13 11:30:50', 'ahmad.riyadi', '2025-10-13 11:33:23'),
(457, '13', '13.04', 'Kabupaten Tanah Datar', '2025-07-04', 1, 'ahmad.riyadi', '2025-10-13 11:30:50', 'ahmad.riyadi', '2025-10-13 11:33:23'),
(458, '13', '13.75', 'Kota Bukittinggi', '2025-07-04', 1, 'ahmad.riyadi', '2025-10-13 11:30:50', 'ahmad.riyadi', '2025-10-13 11:33:23'),
(459, '13', '13.71', 'Kota Padang', '2025-07-04', 1, 'ahmad.riyadi', '2025-10-13 11:30:50', 'ahmad.riyadi', '2025-10-13 11:33:23'),
(460, '13', '13.74', 'Kota Padang Panjang', '2025-07-04', 1, 'ahmad.riyadi', '2025-10-13 11:30:50', 'ahmad.riyadi', '2025-10-13 11:33:23'),
(461, '13', '13.77', 'Kota Pariaman', '2025-07-04', 1, 'ahmad.riyadi', '2025-10-13 11:30:50', 'ahmad.riyadi', '2025-10-13 11:33:23'),
(462, '13', '13.76', 'Kota Payakumbuh', '2025-07-04', 1, 'ahmad.riyadi', '2025-10-13 11:30:50', 'ahmad.riyadi', '2025-10-13 11:33:23'),
(463, '13', '13.73', 'Kota Sawahlunto', '2025-07-04', 1, 'ahmad.riyadi', '2025-10-13 11:30:50', 'ahmad.riyadi', '2025-10-13 11:33:23'),
(464, '13', '13.72', 'Kota Solok', '2025-07-04', 1, 'ahmad.riyadi', '2025-10-13 11:30:50', 'ahmad.riyadi', '2025-10-13 11:33:23'),
(465, '16', '16.07', 'Kabupaten Banyuasin', '2025-07-04', 1, 'ahmad.riyadi', '2025-10-13 11:30:50', 'ahmad.riyadi', '2025-10-13 11:33:23'),
(466, '16', '16.11', 'Kabupaten Empat Lawang', '2025-07-04', 1, 'ahmad.riyadi', '2025-10-13 11:30:50', 'ahmad.riyadi', '2025-10-13 11:33:23'),
(467, '16', '16.04', 'Kabupaten Lahat', '2025-07-04', 1, 'ahmad.riyadi', '2025-10-13 11:30:50', 'ahmad.riyadi', '2025-10-13 11:33:23'),
(468, '16', '16.03', 'Kabupaten Muara Enim', '2025-07-04', 1, 'ahmad.riyadi', '2025-10-13 11:30:50', 'ahmad.riyadi', '2025-10-13 11:33:23'),
(469, '16', '16.06', 'Kabupaten Musi Banyuasin', '2025-07-04', 1, 'ahmad.riyadi', '2025-10-13 11:30:50', 'ahmad.riyadi', '2025-10-13 11:33:23'),
(470, '16', '16.05', 'Kabupaten Musi Rawas', '2025-07-04', 1, 'ahmad.riyadi', '2025-10-13 11:30:50', 'ahmad.riyadi', '2025-10-13 11:33:23'),
(471, '16', '16.13', 'Kabupaten Musi Rawas Utara', '2025-07-04', 1, 'ahmad.riyadi', '2025-10-13 11:30:50', 'ahmad.riyadi', '2025-10-13 11:33:23'),
(472, '16', '16.10', 'Kabupaten Ogan Ilir', '2025-07-04', 1, 'ahmad.riyadi', '2025-10-13 11:30:50', 'ahmad.riyadi', '2025-10-13 11:33:23'),
(473, '16', '16.02', 'Kabupaten Ogan Komering', '2025-07-04', 1, 'ahmad.riyadi', '2025-10-13 11:30:50', 'ahmad.riyadi', '2025-10-13 11:33:23'),
(474, '16', '16.01', 'Kabupaten Ogan Komering Ulu', '2025-07-04', 1, 'ahmad.riyadi', '2025-10-13 11:30:50', 'ahmad.riyadi', '2025-10-13 11:33:23'),
(475, '16', '16.09', 'Kabupaten Ogan Komering Ulu Selatan', '2025-07-04', 1, 'ahmad.riyadi', '2025-10-13 11:30:50', 'ahmad.riyadi', '2025-10-13 11:33:23'),
(476, '16', '16.08', 'Kabupaten Ogan Komering Ulu Timur', '2025-07-04', 1, 'ahmad.riyadi', '2025-10-13 11:30:50', 'ahmad.riyadi', '2025-10-13 11:33:23'),
(477, '16', '16.12', 'Kabupaten Penukal Abab Lematang Ilir', '2025-07-04', 1, 'ahmad.riyadi', '2025-10-13 11:30:50', 'ahmad.riyadi', '2025-10-13 11:33:23'),
(478, '16', '16.73', 'Kota Lubuk Linggau', '2025-07-04', 1, 'ahmad.riyadi', '2025-10-13 11:30:50', 'ahmad.riyadi', '2025-10-13 11:33:23'),
(479, '16', '16.72', 'Kota Pagar Alam', '2025-07-04', 1, 'ahmad.riyadi', '2025-10-13 11:30:50', 'ahmad.riyadi', '2025-10-13 11:33:23'),
(480, '16', '16.71', 'Kota Palembang', '2025-07-04', 1, 'ahmad.riyadi', '2025-10-13 11:30:50', 'ahmad.riyadi', '2025-10-13 11:33:23'),
(481, '16', '16.74', 'Kota Prabumulih', '2025-07-04', 1, 'ahmad.riyadi', '2025-10-13 11:30:50', 'ahmad.riyadi', '2025-10-13 11:33:23'),
(482, '12', '12.09', 'Kabupaten Asahan', '2025-07-04', 1, 'ahmad.riyadi', '2025-10-13 11:30:50', 'ahmad.riyadi', '2025-10-13 11:33:23'),
(483, '12', '12.19', 'Kabupaten Batu Bara', '2025-07-04', 1, 'ahmad.riyadi', '2025-10-13 11:30:50', 'ahmad.riyadi', '2025-10-13 11:33:23'),
(484, '12', '12.11', 'Kabupaten Dairi', '2025-07-04', 1, 'ahmad.riyadi', '2025-10-13 11:30:50', 'ahmad.riyadi', '2025-10-13 11:33:23'),
(485, '12', '12.07', 'Kabupaten Deli Serdang', '2025-07-04', 1, 'ahmad.riyadi', '2025-10-13 11:30:50', 'ahmad.riyadi', '2025-10-13 11:33:23'),
(486, '12', '12.16', 'Kabupaten Humbang Hasundutan', '2025-07-04', 1, 'ahmad.riyadi', '2025-10-13 11:30:50', 'ahmad.riyadi', '2025-10-13 11:33:23'),
(487, '12', '12.06', 'Kabupaten Karo', '2025-07-04', 1, 'ahmad.riyadi', '2025-10-13 11:30:50', 'ahmad.riyadi', '2025-10-13 11:33:23'),
(488, '12', '12.10', 'Kabupaten Labuhanbatu', '2025-07-04', 1, 'ahmad.riyadi', '2025-10-13 11:30:50', 'ahmad.riyadi', '2025-10-13 11:33:23'),
(489, '12', '12.22', 'Kabupaten Labuhanbatu Selatan', '2025-07-04', 1, 'ahmad.riyadi', '2025-10-13 11:30:50', 'ahmad.riyadi', '2025-10-13 11:33:23'),
(490, '12', '12.23', 'Kabupaten Labuhanbatu Utara', '2025-07-04', 1, 'ahmad.riyadi', '2025-10-13 11:30:50', 'ahmad.riyadi', '2025-10-13 11:33:23'),
(491, '12', '12.05', 'Kabupaten Langkat', '2025-07-04', 1, 'ahmad.riyadi', '2025-10-13 11:30:50', 'ahmad.riyadi', '2025-10-13 11:33:23'),
(492, '12', '12.13', 'Kabupaten Mandailing Natal', '2025-07-04', 1, 'ahmad.riyadi', '2025-10-13 11:30:50', 'ahmad.riyadi', '2025-10-13 11:33:23'),
(493, '12', '12.04', 'Kabupaten Nias', '2025-07-04', 1, 'ahmad.riyadi', '2025-10-13 11:30:50', 'ahmad.riyadi', '2025-10-13 11:33:23'),
(494, '12', '12.25', 'Kabupaten Nias Barat', '2025-07-04', 1, 'ahmad.riyadi', '2025-10-13 11:30:50', 'ahmad.riyadi', '2025-10-13 11:33:23'),
(495, '12', '12.14', 'Kabupaten Nias Selatan', '2025-07-04', 1, 'ahmad.riyadi', '2025-10-13 11:30:50', 'ahmad.riyadi', '2025-10-13 11:33:23'),
(496, '12', '12.24', 'Kabupaten Nias Utara', '2025-07-04', 1, 'ahmad.riyadi', '2025-10-13 11:30:50', 'ahmad.riyadi', '2025-10-13 11:33:23'),
(497, '12', '12.21', 'Kabupaten Padang Lawas', '2025-07-04', 1, 'ahmad.riyadi', '2025-10-13 11:30:50', 'ahmad.riyadi', '2025-10-13 11:33:23'),
(498, '12', '12.20', 'Kabupaten Padang Lawas Utara', '2025-07-04', 1, 'ahmad.riyadi', '2025-10-13 11:30:50', 'ahmad.riyadi', '2025-10-13 11:33:23'),
(499, '12', '12.15', 'Kabupaten Pakpak Bharat', '2025-07-04', 1, 'ahmad.riyadi', '2025-10-13 11:30:50', 'ahmad.riyadi', '2025-10-13 11:33:23'),
(500, '12', '12.17', 'Kabupaten Samosir', '2025-07-04', 1, 'ahmad.riyadi', '2025-10-13 11:30:50', 'ahmad.riyadi', '2025-10-13 11:33:23'),
(501, '12', '12.18', 'Kabupaten Serdang Bedagai', '2025-07-04', 1, 'ahmad.riyadi', '2025-10-13 11:30:50', 'ahmad.riyadi', '2025-10-13 11:33:23'),
(502, '12', '12.08', 'Kabupaten Simalungun', '2025-07-04', 1, 'ahmad.riyadi', '2025-10-13 11:30:50', 'ahmad.riyadi', '2025-10-13 11:33:23'),
(503, '12', '12.03', 'Kabupaten Tapanuli Selatan', '2025-07-04', 1, 'ahmad.riyadi', '2025-10-13 11:30:50', 'ahmad.riyadi', '2025-10-13 11:33:23'),
(504, '12', '12.01', 'Kabupaten Tapanuli Tengah', '2025-07-04', 1, 'ahmad.riyadi', '2025-10-13 11:30:50', 'ahmad.riyadi', '2025-10-13 11:33:23'),
(505, '12', '12.02', 'Kabupaten Tapanuli Utara', '2025-07-04', 1, 'ahmad.riyadi', '2025-10-13 11:30:50', 'ahmad.riyadi', '2025-10-13 11:33:23'),
(506, '12', '12.12', 'Kabupaten Toba', '2025-07-04', 1, 'ahmad.riyadi', '2025-10-13 11:30:50', 'ahmad.riyadi', '2025-10-13 11:33:23'),
(507, '12', '12.75', 'Kota Binjai', '2025-07-04', 1, 'ahmad.riyadi', '2025-10-13 11:30:50', 'ahmad.riyadi', '2025-10-13 11:33:23'),
(508, '12', '12.78', 'Kota Gunungsitoli', '2025-07-04', 1, 'ahmad.riyadi', '2025-10-13 11:30:50', 'ahmad.riyadi', '2025-10-13 11:33:23'),
(509, '12', '12.71', 'Kota Medan', '2025-07-04', 1, 'ahmad.riyadi', '2025-10-13 11:30:50', 'ahmad.riyadi', '2025-10-13 11:33:23'),
(510, '12', '12.77', 'Kota Padangsidimpuan', '2025-07-04', 1, 'ahmad.riyadi', '2025-10-13 11:30:50', 'ahmad.riyadi', '2025-10-13 11:33:23'),
(511, '12', '12.72', 'Kota Pematangsiantar', '2025-07-04', 1, 'ahmad.riyadi', '2025-10-13 11:30:50', 'ahmad.riyadi', '2025-10-13 11:33:23'),
(512, '12', '12.73', 'Kota Sibolga', '2025-07-04', 1, 'ahmad.riyadi', '2025-10-13 11:30:50', 'ahmad.riyadi', '2025-10-13 11:33:23'),
(513, '12', '12.74', 'Kota Tanjungbalai', '2025-07-04', 1, 'ahmad.riyadi', '2025-10-13 11:30:50', 'ahmad.riyadi', '2025-10-13 11:33:23'),
(514, '12', '12.76', 'Kota Tebing Tinggi', '2025-07-04', 1, 'ahmad.riyadi', '2025-10-13 11:30:50', 'ahmad.riyadi', '2025-10-13 11:33:23');

-- --------------------------------------------------------

--
-- Table structure for table `respondens`
--

CREATE TABLE `respondens` (
  `id` int(11) NOT NULL,
  `nama` varchar(100) DEFAULT NULL,
  `umur` int(11) DEFAULT NULL,
  `jenis_kelamin` int(11) DEFAULT NULL,
  `pendidikan_id` int(11) DEFAULT NULL,
  `penghasilan_id` int(11) DEFAULT NULL,
  `pekerjaan_id` int(11) DEFAULT NULL,
  `kesediaan_menjadi_responden` int(11) DEFAULT NULL,
  `provinces_id` int(11) DEFAULT NULL,
  `regencies_id` int(11) DEFAULT NULL,
  `nomor_telepon` varchar(100) DEFAULT NULL,
  `status` tinyint(1) DEFAULT '1',
  `user_input` varchar(100) DEFAULT NULL,
  `tanggal_input` datetime DEFAULT NULL,
  `user_update` varchar(100) DEFAULT NULL,
  `tanggal_update` datetime DEFAULT NULL
) ENGINE=InnoDB DEFAULT CHARSET=utf8;

--
-- Dumping data for table `respondens`
--

INSERT INTO `respondens` (`id`, `nama`, `umur`, `jenis_kelamin`, `pendidikan_id`, `penghasilan_id`, `pekerjaan_id`, `kesediaan_menjadi_responden`, `provinces_id`, `regencies_id`, `nomor_telepon`, `status`, `user_input`, `tanggal_input`, `user_update`, `tanggal_update`) VALUES
(1, 'Muchamad Hatta', 26, 1, 5, 4, 2, 1, 3, 40, '085176996693', 1, 'ahmad.riyadi', '2025-10-13 11:57:05', 'ahmad.riyadi', '2025-10-13 11:57:05'),
(2, 'Iskandar', 25, 1, 5, 4, 6, 1, 5, 52, '085176996693', 1, 'ahmad.riyadi', '2025-10-14 09:44:03', 'ahmad.riyadi', '2025-10-14 09:44:03'),
(3, 'Budi Santoso', 35, 1, 5, 4, 4, 1, 6, 59, '081234567890', 1, 'ahmad.riyadi', '2025-10-16 10:35:01', 'ahmad.riyadi', '2025-10-16 10:35:01'),
(4, 'Siti Aminah', 28, 2, 4, 3, 4, 1, 9, 79, '087890123456', 1, 'ahmad.riyadi', '2025-10-16 10:36:36', 'ahmad.riyadi', '2025-10-16 10:36:36'),
(5, 'Agung Wicaksono', 41, 1, 6, 5, 3, 1, 10, 128, '087890123456', 1, 'ahmad.riyadi', '2025-10-16 10:37:54', 'ahmad.riyadi', '2025-10-16 10:37:54'),
(6, 'Rina Melati', 22, 2, 3, 3, 4, 1, 3, 36, '082109876543', 1, 'ahmad.riyadi', '2025-10-16 10:42:00', 'ahmad.riyadi', '2025-10-16 10:42:00'),
(7, 'Dwi Cahyono', 50, 1, 2, 2, 7, 1, 11, 154, '081345678901', 1, 'ahmad.riyadi', '2025-10-16 10:50:11', 'ahmad.riyadi', '2025-10-16 10:50:11'),
(8, 'Maya Sari', 30, 2, 5, 4, 4, 1, 38, 509, '085298765432', 1, 'ahmad.riyadi', '2025-10-16 10:53:57', 'ahmad.riyadi', '2025-10-16 10:53:57'),
(9, 'Herman Jaya', 45, 1, 3, 4, 4, 1, 32, 398, '087765432109', 1, 'ahmad.riyadi', '2025-10-16 10:55:55', 'ahmad.riyadi', '2025-10-16 10:55:55'),
(10, 'Lisa Handayani', 25, 2, 5, 3, 7, 1, 2, 32, '089632109876', 1, 'ahmad.riyadi', '2025-10-16 10:58:14', 'ahmad.riyadi', '2025-10-16 10:58:14'),
(11, 'Joni Iskandar', 38, 1, 4, 3, 7, 1, 15, 229, '081123456789', 1, 'ahmad.riyadi', '2025-10-16 11:01:27', 'ahmad.riyadi', '2025-10-16 11:01:27'),
(12, 'Fattimah Azahra', 33, 2, 6, 4, 3, 1, 5, 55, '085701234567', 1, 'ahmad.riyadi', '2025-10-16 11:03:11', 'ahmad.riyadi', '2025-10-16 11:03:11'),
(13, 'Edo Pramana', 27, 1, 3, 3, 7, 1, 9, 99, '081987654321', 1, 'ahmad.riyadi', '2025-10-16 11:04:42', 'ahmad.riyadi', '2025-10-16 11:04:42'),
(14, 'Sari Dewi', 40, 2, 5, 4, 3, 1, 30, 370, '082254321098', 1, 'ahmad.riyadi', '2025-10-16 11:06:05', 'ahmad.riyadi', '2025-10-16 11:06:05'),
(15, 'Kevin Wijaya', 24, 1, 3, 3, 4, 1, 10, 120, '089510293847', 1, 'ahmad.riyadi', '2025-10-16 11:07:53', 'ahmad.riyadi', '2025-10-16 11:07:53'),
(16, 'Nurul Hidayah', 31, 2, 4, 3, 7, 1, 22, 294, '081765432109', 1, 'ahmad.riyadi', '2025-10-16 11:09:30', 'ahmad.riyadi', '2025-10-16 11:09:30'),
(17, 'Rio Adhitama', 47, 1, 5, 4, 5, 1, 37, 480, '085876543210', 1, 'ahmad.riyadi', '2025-10-16 11:10:48', 'ahmad.riyadi', '2025-10-16 11:10:48'),
(18, 'Maria Cristina', 29, 2, 5, 4, 7, 1, 24, 325, '081590876543', 1, 'ahmad.riyadi', '2025-10-16 11:12:19', 'ahmad.riyadi', '2025-10-16 11:12:19'),
(19, 'Taufik Hidayat', 55, 1, 1, 2, 7, 1, 11, 178, '087123456789', 1, 'ahmad.riyadi', '2025-10-16 14:39:21', 'ahmad.riyadi', '2025-10-16 14:39:21'),
(20, 'Natalia', 36, 2, 6, 5, 7, 1, 12, 191, '085345678901', 1, 'ahmad.riyadi', '2025-10-16 14:40:41', 'ahmad.riyadi', '2025-10-16 14:40:41'),
(21, 'Fajar siddiq', 21, 1, 3, 3, 5, 1, 19, 262, '082309876543', 1, 'ahmad.riyadi', '2025-10-16 14:41:56', 'ahmad.riyadi', '2025-10-16 14:41:56'),
(22, 'Cindy Claudia', 43, 2, 5, 4, 4, 1, 35, 444, '089901234567', 1, 'ahmad.riyadi', '2025-10-16 14:43:03', 'ahmad.riyadi', '2025-10-16 14:43:03'),
(23, 'ata', 24, 2, 2, 2, 2, 1, 3, 34, '085176996693', 1, 'ahmad.riyadi', '2025-10-31 16:36:22', 'ahmad.riyadi', '2025-10-31 16:36:40'),
(24, 'Yogi Emartasariata', 34, 2, 3, 3, 4, 1, 11, 142, '81362834494', 1, 'admin', NULL, '', NULL),
(25, 'Evelyn Mey Fannyata', 28, 2, 5, 4, 4, 1, 11, 142, '81357313157', 1, 'admin', NULL, '', NULL),
(26, 'Meitha Eata', 27, 2, 4, 2, 4, 1, 11, 142, '89502445825', 1, 'admin', NULL, '', NULL),
(27, 'Ahmad Shodikinata', 39, 1, 5, 4, 4, 1, 11, 142, '85204561388', 1, 'admin', NULL, '', NULL),
(28, 'Lely Erlinda Putriata', 24, 2, 3, 3, 4, 1, 11, 142, '81515126374', 1, 'admin', NULL, '', NULL);

-- --------------------------------------------------------

--
-- Table structure for table `survei`
--

CREATE TABLE `survei` (
  `id` int(11) NOT NULL,
  `judul` varchar(255) NOT NULL,
  `deskripsi` text,
  `file_name` varchar(255) DEFAULT NULL,
  `file_type` varchar(100) DEFAULT NULL,
  `file_size` int(11) DEFAULT NULL,
  `tanggal_mulai` date DEFAULT NULL,
  `tanggal_selesai` date DEFAULT NULL,
  `status_publikasi` enum('draft','terbit','selesai') DEFAULT 'draft',
  `status` tinyint(1) DEFAULT '1',
  `user_input` varchar(100) DEFAULT NULL,
  `tanggal_input` datetime DEFAULT NULL,
  `user_update` varchar(100) DEFAULT NULL,
  `tanggal_update` datetime DEFAULT NULL
) ENGINE=InnoDB DEFAULT CHARSET=utf8;

--
-- Dumping data for table `survei`
--

INSERT INTO `survei` (`id`, `judul`, `deskripsi`, `file_name`, `file_type`, `file_size`, `tanggal_mulai`, `tanggal_selesai`, `status_publikasi`, `status`, `user_input`, `tanggal_input`, `user_update`, `tanggal_update`) VALUES
(1, 'tes B', 'Kepuasan pelanggan sebagai faktor penting utama yang menentukan apakah suatu bisnis atau perusahaan berhasil memberikan pelayanan yang baik kepada para pelanggan mereka', NULL, NULL, NULL, '2025-10-13', '2025-11-30', 'draft', 9, 'ahmad.riyadi', '2025-10-13 16:34:32', 'ahmad.riyadi', '2025-10-16 14:10:38'),
(2, 'tes A', 'Pertanyaan survei kepuasan pelanggan dapat mencakup penilaian umum terhadap produk atau layanan, kepuasan terhadap interaksi layanan pelanggan, kemudahan penggunaan, dan kemungkinan merekomendasikan (NPS)', NULL, NULL, NULL, '2025-10-13', '2025-10-31', 'selesai', 9, 'ahmad.riyadi', '2025-10-13 17:22:03', 'ahmad.riyadi', '2025-10-16 14:10:34'),
(3, 'test', 'testing aja', NULL, NULL, NULL, '2025-10-15', '2025-10-15', 'draft', 9, 'ahmad.riyadi', '2025-10-15 15:55:21', 'ahmad.riyadi', '2025-10-16 10:47:17'),
(4, 'Efisiensi Penggunaan Pembayaran Digital dibandingkan Tunai', 'Survei ini bertujuan untuk mengetahui tingkat efisiensi penggunaan pembayaran digital dibandingkan dengan transaksi tunai dalam kegiatan sehari-hari. Melalui survei ini, kami ingin memahami persepsi, kebiasaan, serta pengalaman masyarakat dalam menggunakan berbagai metode pembayaran seperti e-wallet, mobile banking, atau kartu debit/kredit.\r\nHasil survei ini akan digunakan untuk menilai sejauh mana pembayaran digital dapat meningkatkan kecepatan, kemudahan, dan keamanan transaksi dibandingkan dengan pembayaran tunai, serta faktor-faktor apa saja yang mempengaruhi preferensi pengguna.', 'gambar-survei-6901b4f3480cf.png', 'image/png', 165153, '2025-10-16', '2025-12-16', 'draft', 1, 'ahmad.riyadi', '2025-10-16 10:49:25', 'ahmad.riyadi', '2025-10-29 13:32:19'),
(5, 'Dampak Penggunaan Media Sosial terhadap Produktivitas dan Kesehatan Mental ', 'Survei ini bertujuan untuk mengetahui bagaimana penggunaan media sosial memengaruhi produktivitas dan kesehatan mental individu. Melalui survei ini, kami ingin memahami sejauh mana media sosial berperan dalam meningkatkan atau justru menurunkan fokus, motivasi, serta kesejahteraan psikologis pengguna. Hasil survei ini diharapkan dapat memberikan gambaran tentang dampak positif maupun negatif dari media sosial, sekaligus menjadi dasar untuk mendorong kebiasaan digital yang lebih sehat dan seimbang.', 'gambar-survei-6901b4a74ee2f.png', 'image/png', 165153, '2025-10-16', '2025-10-16', 'draft', 1, 'ahmad.riyadi', '2025-10-16 12:05:11', 'ahmad.riyadi', '2025-10-29 13:31:03'),
(6, 'tes tes tes', 'testes1tesa a afasdfa asfdasdfasdfasdfasdfasfa afadfasdfa af asdfasdfa', NULL, NULL, NULL, '2025-10-21', '2025-10-31', 'draft', 9, 'ahmad.riyadi', '2025-10-21 09:24:28', 'ahmad.riyadi', '2025-10-21 10:39:31'),
(7, 'tes1', 'adsfasdfa asfdasdfasdfasdfasdfa faf', 'gambar-survei-6901b4bd27d2f.png', 'image/png', 165153, '2025-10-29', '2025-10-30', 'draft', 9, 'ahmad.riyadi', '2025-10-29 13:31:25', 'ahmad.riyadi', '2025-10-29 13:31:49'),
(8, 'afasdfasdf', 'asdfasdfas asdfasdf asdf asdfasdfasdfasdf', 'gambar-survei-6901b4e5e5dcf.png', 'image/png', 165153, '2025-10-29', '2025-10-30', 'draft', 9, 'ahmad.riyadi', '2025-10-29 13:32:05', 'ahmad.riyadi', '2025-10-29 13:32:11');

-- --------------------------------------------------------

--
-- Table structure for table `survei_peserta`
--

CREATE TABLE `survei_peserta` (
  `id` int(11) NOT NULL,
  `uuid` char(64) DEFAULT NULL,
  `survei_id` int(11) NOT NULL,
  `responden_id` int(11) NOT NULL,
  `tanggal_daftar` datetime DEFAULT NULL,
  `tanggal_mulai_mengisi` datetime DEFAULT NULL,
  `tanggal_selesai` datetime DEFAULT NULL,
  `status_partisipasi` enum('terdaftar','sedang_mengisi','selesai','batal') DEFAULT 'terdaftar',
  `persentase_selesai` decimal(5,2) DEFAULT '0.00',
  `status` tinyint(1) DEFAULT '1',
  `user_input` varchar(100) DEFAULT NULL,
  `tanggal_input` datetime DEFAULT NULL,
  `user_update` varchar(100) DEFAULT NULL,
  `tanggal_update` datetime DEFAULT NULL
) ENGINE=InnoDB DEFAULT CHARSET=utf8;

--
-- Dumping data for table `survei_peserta`
--

INSERT INTO `survei_peserta` (`id`, `uuid`, `survei_id`, `responden_id`, `tanggal_daftar`, `tanggal_mulai_mengisi`, `tanggal_selesai`, `status_partisipasi`, `persentase_selesai`, `status`, `user_input`, `tanggal_input`, `user_update`, `tanggal_update`) VALUES
(1, 'd766cd8f863a59b68a9e41f3237be273e7b82a512ee0cc104e92aa070836d9cd', 2, 1, '2025-10-14 13:46:14', NULL, NULL, 'terdaftar', '0.00', 1, 'ahmad.riyadi', '2025-10-14 09:41:35', 'ahmad.riyadi', '2025-10-14 13:46:14'),
(2, '49546a77fa5ef39db1c3dc659b4cda4953b56934c7c5c59f21b607845a27da80', 2, 2, '2025-10-14 11:09:52', NULL, NULL, 'terdaftar', '0.00', 1, 'ahmad.riyadi', '2025-10-14 09:59:29', 'ahmad.riyadi', '2025-10-14 11:09:52'),
(3, '90368fe192c870a760e25c2c6603eef507494a16a2caac9fce592bd40ad89183', 3, 2, '2025-10-15 15:56:02', NULL, NULL, 'terdaftar', '0.00', 1, 'ahmad.riyadi', '2025-10-15 15:56:02', NULL, NULL),
(4, '6971b026f7a281630e77217d77ea1ef50fcf9cb664a7b8252e68a1afec4ca3b2', 5, 1, '2025-10-16 14:11:30', NULL, NULL, 'terdaftar', '0.00', 1, 'ahmad.riyadi', '2025-10-16 14:11:30', NULL, NULL),
(5, '5db696b999eeb4ea9af2720049e81e3dcc71dfaf5256166242b5343b5210a6a3', 5, 2, '2025-10-16 14:11:30', NULL, NULL, 'terdaftar', '0.00', 1, 'ahmad.riyadi', '2025-10-16 14:11:30', NULL, NULL),
(6, '428ff92dd0f1ff9e8e8673ac46325fa5b7303da5e9c14ad549ee435bb5201396', 5, 3, '2025-10-17 13:27:05', NULL, NULL, 'terdaftar', '0.00', 1, 'ahmad.riyadi', '2025-10-17 13:27:05', NULL, NULL),
(7, '05be6aee42885f033e70f872d3759b2e9b68839a0a8799362da22f71a245fb26', 5, 4, '2025-10-17 13:27:05', NULL, NULL, 'terdaftar', '0.00', 1, 'ahmad.riyadi', '2025-10-17 13:27:05', NULL, NULL),
(8, '7d76eb00bc13a2b59f8c95d1223aa0d4fc9cbc454afccaa475f439863f8238d3', 5, 5, '2025-10-17 13:27:05', NULL, NULL, 'terdaftar', '0.00', 1, 'ahmad.riyadi', '2025-10-17 13:27:05', NULL, NULL),
(9, 'd200f7937b4cbcb37c4717f6b5a1665e56e8a5208c9f7d0b5246e3a6a2124981', 5, 6, '2025-10-17 13:27:05', NULL, NULL, 'terdaftar', '0.00', 1, 'ahmad.riyadi', '2025-10-17 13:27:05', NULL, NULL),
(10, 'ddfd6ab2f35e558efda5403e5275b0cb61b576fe94455dcfdb36c92fc2ce3124', 5, 7, '2025-10-17 13:27:05', NULL, NULL, 'terdaftar', '0.00', 1, 'ahmad.riyadi', '2025-10-17 13:27:05', NULL, NULL),
(11, '904c610fee77ff2d02b43e5df9a63153366d644633f03a16cb7522a0ebd1e2de', 5, 8, '2025-10-17 13:27:05', NULL, NULL, 'terdaftar', '0.00', 1, 'ahmad.riyadi', '2025-10-17 13:27:05', NULL, NULL),
(12, '332be107e756a4c3b17f5403f40d10f3b68ec91258f37eb09d9da88ecf1e126f', 5, 9, '2025-10-17 13:27:05', NULL, NULL, 'terdaftar', '0.00', 1, 'ahmad.riyadi', '2025-10-17 13:27:05', NULL, NULL),
(13, 'a351d2a23cd862d21f986002737788dd90698f66a1d2dd108bf165ca29214f4d', 5, 10, '2025-10-17 13:27:05', NULL, NULL, 'terdaftar', '0.00', 1, 'ahmad.riyadi', '2025-10-17 13:27:05', NULL, NULL),
(14, '7c4d5de332b96242ca89a3989b535398cb93252898336110b10d8779b35744cc', 5, 11, '2025-10-17 13:27:05', NULL, NULL, 'terdaftar', '0.00', 1, 'ahmad.riyadi', '2025-10-17 13:27:05', NULL, NULL),
(15, 'f21cc63527f7536102f3c1fbcfb873a6314995fa9dfbea1b2072421036e99642', 5, 12, '2025-10-17 13:27:05', NULL, NULL, 'terdaftar', '0.00', 1, 'ahmad.riyadi', '2025-10-17 13:27:05', NULL, NULL),
(16, 'ca4f17325141f2d54fa0abcfe808e72c15ea57957f486979d0c333ed2b2f257c', 5, 13, '2025-10-17 13:27:05', NULL, NULL, 'terdaftar', '0.00', 1, 'ahmad.riyadi', '2025-10-17 13:27:05', NULL, NULL),
(17, '16ad4ebae3938e1fa7906a59075b37557b86741c56ae4d3ed4eeba05314a8d79', 5, 14, '2025-10-17 13:27:05', NULL, NULL, 'terdaftar', '0.00', 1, 'ahmad.riyadi', '2025-10-17 13:27:05', NULL, NULL),
(18, '1f6845e01e4f0d2dc0734bfad612bd223c3ef49a961170cf7536fc4038232e50', 5, 15, '2025-10-17 13:27:05', NULL, NULL, 'terdaftar', '0.00', 1, 'ahmad.riyadi', '2025-10-17 13:27:05', NULL, NULL),
(19, 'eb02b11037b4b96b5737be75261532d701870b03695bd831922ba8a2a7b4a551', 5, 16, '2025-10-17 13:27:05', NULL, NULL, 'terdaftar', '0.00', 1, 'ahmad.riyadi', '2025-10-17 13:27:05', NULL, NULL),
(20, '16eff2229b5e2c68a46e69818c32ad4eaae34992eeee6fe11cf80e4401e49f8e', 5, 17, '2025-10-17 13:27:05', NULL, NULL, 'terdaftar', '0.00', 1, 'ahmad.riyadi', '2025-10-17 13:27:05', NULL, NULL),
(21, '825024d0e30d473fbe17407ea43203c19eedd88881105b59b290e511871ea856', 5, 18, '2025-10-17 13:27:05', NULL, NULL, 'terdaftar', '0.00', 1, 'ahmad.riyadi', '2025-10-17 13:27:05', NULL, NULL),
(22, '26fce433927a672118d1a955f4297e9964c73b2e09608271702968eed643a313', 5, 19, '2025-10-17 13:27:05', NULL, NULL, 'terdaftar', '0.00', 1, 'ahmad.riyadi', '2025-10-17 13:27:05', NULL, NULL),
(23, '8537c29c230fda964d5058f3ded39bdb3a15b7a9ae679160d3c7ec872bf63b7b', 5, 20, '2025-10-17 13:27:05', NULL, NULL, 'terdaftar', '0.00', 1, 'ahmad.riyadi', '2025-10-17 13:27:05', NULL, NULL),
(24, '3b5909e2114e840a66c8b5cb6752b441bdc01ba9cdb57b1457dfdc32bd80f0e2', 5, 21, '2025-10-17 13:27:05', NULL, NULL, 'terdaftar', '0.00', 1, 'ahmad.riyadi', '2025-10-17 13:27:05', NULL, NULL),
(25, '14cceeed5ac2ff8115b774b6e40bdae6406f088a1ba1c10a3d973ca3a0a20201', 5, 22, '2025-10-17 13:27:05', NULL, NULL, 'terdaftar', '0.00', 1, 'ahmad.riyadi', '2025-10-17 13:27:05', NULL, NULL),
(26, 'b770aef44f7135e0bfb63dc0fb40958c7ddaac556a87d4fd0b8040baf3f2e02d', 4, 1, '2025-10-17 13:45:48', NULL, NULL, 'terdaftar', '0.00', 1, 'ahmad.riyadi', '2025-10-17 13:45:48', NULL, NULL),
(27, '0328c32908e49a7572461625fae6d91cc40b8062452bf915a3e36e5e11ced693', 4, 2, '2025-10-17 13:45:48', NULL, NULL, 'terdaftar', '0.00', 1, 'ahmad.riyadi', '2025-10-17 13:45:48', NULL, NULL),
(28, '804e866582c4e7047e3c5bef3e7f5586b31e576370f7d494544699a6fadafb08', 4, 3, '2025-10-17 13:45:48', NULL, NULL, 'terdaftar', '0.00', 1, 'ahmad.riyadi', '2025-10-17 13:45:48', NULL, NULL),
(29, '91267de5190a44af171d6c035d636211187f5a62b74cb77133e2bb5e5cbbd8a5', 4, 4, '2025-10-17 13:45:48', NULL, NULL, 'terdaftar', '0.00', 1, 'ahmad.riyadi', '2025-10-17 13:45:48', NULL, NULL),
(30, 'c270b8c240e671aac5c57c86980adc3a57d7fce759c9223b343a104d0207b948', 4, 5, '2025-10-17 13:45:48', NULL, NULL, 'terdaftar', '0.00', 1, 'ahmad.riyadi', '2025-10-17 13:45:48', NULL, NULL),
(31, 'e7c763d7caa93912980e7224aa7c970ea23e30251068417bab0dc05425c1a718', 4, 6, '2025-10-17 13:45:48', NULL, NULL, 'terdaftar', '0.00', 1, 'ahmad.riyadi', '2025-10-17 13:45:48', NULL, NULL),
(32, 'df5019fc1ef6dbccc0b59b5c687b7e29c6a5a7f46fa92f08e0547e6ef87a137e', 4, 7, '2025-10-17 13:45:48', NULL, NULL, 'terdaftar', '0.00', 1, 'ahmad.riyadi', '2025-10-17 13:45:48', NULL, NULL),
(33, '42601eff66d5e1695ac60ed2de37f54500621f63305a7902d6c44abe4786ad1a', 4, 8, '2025-10-17 13:45:48', NULL, NULL, 'terdaftar', '0.00', 1, 'ahmad.riyadi', '2025-10-17 13:45:48', NULL, NULL),
(34, '3e675c63a88536810f7cc902230c25e150d30c9de18d596596cd4c8905342893', 4, 9, '2025-10-17 13:45:48', NULL, NULL, 'terdaftar', '0.00', 1, 'ahmad.riyadi', '2025-10-17 13:45:48', NULL, NULL),
(35, '1d58888659a686421f97270971a20a10bf796d30253836b2ad4ef335fd0e376b', 4, 10, '2025-10-17 13:45:48', NULL, NULL, 'terdaftar', '0.00', 1, 'ahmad.riyadi', '2025-10-17 13:45:48', NULL, NULL),
(36, '4675648cf8cf17894d1bcb655541560841131ec4892b453f047f6c20112d28aa', 4, 11, '2025-10-17 13:45:48', NULL, NULL, 'terdaftar', '0.00', 1, 'ahmad.riyadi', '2025-10-17 13:45:48', NULL, NULL),
(37, '1f311954a4cefca6418a61708b63518a8dc694ac9f4a8f5031ad5a12844bbb69', 4, 12, '2025-10-17 13:45:48', NULL, NULL, 'terdaftar', '0.00', 1, 'ahmad.riyadi', '2025-10-17 13:45:48', NULL, NULL),
(38, 'cecae72283c1f51271a3eb2ab4c5e0458799ede693d219de4d5c9d9f22ad9160', 4, 13, '2025-10-17 13:45:48', NULL, NULL, 'terdaftar', '0.00', 1, 'ahmad.riyadi', '2025-10-17 13:45:48', NULL, NULL),
(39, '89fecf3849c197fb3ff49237fd084e2d5d373d21c3a7133ed9614e4e7248b97f', 4, 14, '2025-10-17 13:45:48', NULL, NULL, 'terdaftar', '0.00', 1, 'ahmad.riyadi', '2025-10-17 13:45:48', NULL, NULL),
(40, '50cc6e0126e1980e0cf8f582d5078af868cb2086ac288686b0a877f4ba5c20e5', 4, 15, '2025-10-17 13:45:48', NULL, NULL, 'terdaftar', '0.00', 1, 'ahmad.riyadi', '2025-10-17 13:45:48', NULL, NULL),
(41, 'b98495728c4a9653ac272fbfbaec6bc0b6486325e6cf171413ee612f971db644', 4, 16, '2025-10-17 13:45:48', NULL, NULL, 'terdaftar', '0.00', 1, 'ahmad.riyadi', '2025-10-17 13:45:48', NULL, NULL),
(42, '7cd59ccef07f674e73fc0e0484d0c091f193c2b4c6ac0470e1cda6b903428fd7', 4, 17, '2025-10-17 13:45:48', NULL, NULL, 'terdaftar', '0.00', 1, 'ahmad.riyadi', '2025-10-17 13:45:48', NULL, NULL),
(43, '46f3d8858515739f4b71d7ef12fdb5af06c9bb829ec0ecdd2edcf05551606860', 4, 18, '2025-10-17 13:45:48', NULL, NULL, 'terdaftar', '0.00', 1, 'ahmad.riyadi', '2025-10-17 13:45:48', NULL, NULL),
(44, '7c82709e8a8903213e9ae16c0eb055f365a9609e95a0e50b943ba37c37f11c46', 4, 19, '2025-10-17 13:45:48', NULL, NULL, 'terdaftar', '0.00', 1, 'ahmad.riyadi', '2025-10-17 13:45:48', NULL, NULL),
(45, 'fd835e5297208a29106053ff381c639facf6fb0c758023d12198e5440e0e165b', 4, 20, '2025-10-17 13:45:48', NULL, NULL, 'terdaftar', '0.00', 1, 'ahmad.riyadi', '2025-10-17 13:45:48', NULL, NULL),
(46, '57f0fa186ddfcf3bfc33323d717f16f8279238eb7bc6e4e5761669fd3c5756a9', 4, 21, '2025-10-17 13:45:48', NULL, NULL, 'terdaftar', '0.00', 1, 'ahmad.riyadi', '2025-10-17 13:45:48', NULL, NULL),
(47, '89a71019549cf715a0dfbecee190502b0177f70c8b3e5d2e7d9745f83a2886bf', 4, 22, '2025-10-17 13:45:48', NULL, NULL, 'terdaftar', '0.00', 1, 'ahmad.riyadi', '2025-10-17 13:45:48', NULL, NULL),
(48, 'a4ed9deef74394ca91f3139282afe1225d5815d2f5afc52c70e7d050dd9e89dd', 6, 1, '2025-10-21 09:26:55', NULL, NULL, 'terdaftar', '0.00', 1, 'ahmad.riyadi', '2025-10-21 09:26:55', NULL, NULL),
(49, '5d13c910292d2dc1d14bfe511aab6a2a86634775653f997bf944e4b5401901a9', 6, 2, '2025-10-21 09:26:55', NULL, NULL, 'terdaftar', '0.00', 1, 'ahmad.riyadi', '2025-10-21 09:26:55', NULL, NULL);

--
-- Triggers `survei_peserta`
--
DELIMITER $$
CREATE TRIGGER `before_insert_survei_peserta` BEFORE INSERT ON `survei_peserta` FOR EACH ROW SET NEW.uuid = IF(NEW.uuid IS NULL OR NEW.uuid = '',

                  SHA2(CONCAT(UNIX_TIMESTAMP(), UUID(), RAND()), 256),

                  NEW.uuid)
$$
DELIMITER ;

--
-- Indexes for dumped tables
--

--
-- Indexes for table `jawaban_responden`
--
ALTER TABLE `jawaban_responden`
  ADD PRIMARY KEY (`id`);

--
-- Indexes for table `kuesioner`
--
ALTER TABLE `kuesioner`
  ADD PRIMARY KEY (`id`);

--
-- Indexes for table `opsi_jawaban`
--
ALTER TABLE `opsi_jawaban`
  ADD PRIMARY KEY (`id`);

--
-- Indexes for table `pekerjaan`
--
ALTER TABLE `pekerjaan`
  ADD PRIMARY KEY (`id`);

--
-- Indexes for table `pendidikan`
--
ALTER TABLE `pendidikan`
  ADD PRIMARY KEY (`id`);

--
-- Indexes for table `penghasilan`
--
ALTER TABLE `penghasilan`
  ADD PRIMARY KEY (`id`);

--
-- Indexes for table `provinces`
--
ALTER TABLE `provinces`
  ADD PRIMARY KEY (`id`),
  ADD UNIQUE KEY `code` (`code`);

--
-- Indexes for table `regencies`
--
ALTER TABLE `regencies`
  ADD PRIMARY KEY (`id`),
  ADD UNIQUE KEY `code` (`code`);

--
-- Indexes for table `respondens`
--
ALTER TABLE `respondens`
  ADD PRIMARY KEY (`id`);

--
-- Indexes for table `survei`
--
ALTER TABLE `survei`
  ADD PRIMARY KEY (`id`);

--
-- Indexes for table `survei_peserta`
--
ALTER TABLE `survei_peserta`
  ADD PRIMARY KEY (`id`),
  ADD UNIQUE KEY `unique_survei_responden` (`survei_id`,`responden_id`);

--
-- AUTO_INCREMENT for dumped tables
--

--
-- AUTO_INCREMENT for table `jawaban_responden`
--
ALTER TABLE `jawaban_responden`
  MODIFY `id` int(11) NOT NULL AUTO_INCREMENT, AUTO_INCREMENT=48;

--
-- AUTO_INCREMENT for table `kuesioner`
--
ALTER TABLE `kuesioner`
  MODIFY `id` int(11) NOT NULL AUTO_INCREMENT, AUTO_INCREMENT=50;

--
-- AUTO_INCREMENT for table `opsi_jawaban`
--
ALTER TABLE `opsi_jawaban`
  MODIFY `id` int(11) NOT NULL AUTO_INCREMENT, AUTO_INCREMENT=164;

--
-- AUTO_INCREMENT for table `pekerjaan`
--
ALTER TABLE `pekerjaan`
  MODIFY `id` int(11) NOT NULL AUTO_INCREMENT, AUTO_INCREMENT=8;

--
-- AUTO_INCREMENT for table `pendidikan`
--
ALTER TABLE `pendidikan`
  MODIFY `id` int(11) NOT NULL AUTO_INCREMENT, AUTO_INCREMENT=7;

--
-- AUTO_INCREMENT for table `penghasilan`
--
ALTER TABLE `penghasilan`
  MODIFY `id` int(11) NOT NULL AUTO_INCREMENT, AUTO_INCREMENT=8;

--
-- AUTO_INCREMENT for table `provinces`
--
ALTER TABLE `provinces`
  MODIFY `id` int(11) NOT NULL AUTO_INCREMENT, AUTO_INCREMENT=39;

--
-- AUTO_INCREMENT for table `regencies`
--
ALTER TABLE `regencies`
  MODIFY `id` int(11) NOT NULL AUTO_INCREMENT, AUTO_INCREMENT=515;

--
-- AUTO_INCREMENT for table `respondens`
--
ALTER TABLE `respondens`
  MODIFY `id` int(11) NOT NULL AUTO_INCREMENT, AUTO_INCREMENT=29;

--
-- AUTO_INCREMENT for table `survei`
--
ALTER TABLE `survei`
  MODIFY `id` int(11) NOT NULL AUTO_INCREMENT, AUTO_INCREMENT=9;

--
-- AUTO_INCREMENT for table `survei_peserta`
--
ALTER TABLE `survei_peserta`
  MODIFY `id` int(11) NOT NULL AUTO_INCREMENT, AUTO_INCREMENT=50;
COMMIT;

/*!40101 SET CHARACTER_SET_CLIENT=@OLD_CHARACTER_SET_CLIENT */;
/*!40101 SET CHARACTER_SET_RESULTS=@OLD_CHARACTER_SET_RESULTS */;
/*!40101 SET COLLATION_CONNECTION=@OLD_COLLATION_CONNECTION */;
